x-axis,1,2
second,Volt,Volt
+8.0000E-06,-2.9748743400E+00,+2.6652663033E+00
+8.3500E-06,-3.0150753446E+00,+2.6326029871E+00
+8.7000E-06,-3.0142378237E+00,+2.6250652988E+00
+9.0500E-06,-3.0150753446E+00,+2.6250652988E+00
+9.4000E-06,-3.0150753446E+00,+2.5974271081E+00
+9.7500E-06,-3.0150753446E+00,+2.5848642942E+00
+10.1000E-06,-3.0150753446E+00,+2.5848642942E+00
+10.4500E-06,-3.0150753446E+00,+2.5773266058E+00
+10.8000E-06,-3.0150753446E+00,+2.5446632896E+00
+11.1500E-06,-3.0150753446E+00,+2.5446632896E+00
+11.5000E-06,-3.0150753446E+00,+2.5044622850E+00
+11.8500E-06,-3.0150753446E+00,+2.5044622850E+00
+12.2000E-06,-3.0410384934E+00,+2.5044622850E+00
+12.5500E-06,-3.0150753446E+00,+2.4969245966E+00
+12.9000E-06,-3.0150753446E+00,+2.4642612804E+00
+13.2500E-06,-3.0150753446E+00,+2.4642612804E+00
+13.6000E-06,-3.0150753446E+00,+2.4240602758E+00
+13.9500E-06,-3.0150753446E+00,+2.4240602758E+00
+14.3000E-06,-3.0150753446E+00,+2.4240602758E+00
+14.6500E-06,-3.0150753446E+00,+2.3913969595E+00
+15.0000E-06,-3.0150753446E+00,+2.3838592712E+00
+15.3500E-06,-3.0150753446E+00,+2.3495209131E+00
+15.7000E-06,-3.0025125307E+00,+2.3562210805E+00
+16.0500E-06,-3.0150753446E+00,+2.3436582666E+00
+16.4000E-06,-3.0150753446E+00,+2.3436582666E+00
+16.7500E-06,-3.0150753446E+00,+2.3109949504E+00
+17.1000E-06,-3.0150753446E+00,+2.3026197411E+00
+17.4500E-06,-3.0150753446E+00,+2.3034572620E+00
+17.8000E-06,-3.0150753446E+00,+2.2908944481E+00
+18.1500E-06,-2.9958123632E+00,+2.2632562574E+00
+18.5000E-06,-3.0150753446E+00,+2.2632562574E+00
+18.8500E-06,-3.0150753446E+00,+2.2557185690E+00
+19.2000E-06,-3.0150753446E+00,+2.2230552528E+00
+19.5500E-06,-3.0150753446E+00,+2.2230552528E+00
+19.9000E-06,-3.0150753446E+00,+2.1828542482E+00
+20.2500E-06,-3.0150753446E+00,+2.2021172296E+00
+20.6000E-06,-3.0150753446E+00,+2.1828542482E+00
+20.9500E-06,-3.0150753446E+00,+2.1426532436E+00
+21.3000E-06,-3.0150753446E+00,+2.1426532436E+00
+21.6500E-06,-3.0150753446E+00,+2.1083148855E+00
+22.0000E-06,-3.0150753446E+00,+2.1024522390E+00
+22.3500E-06,-3.0150753446E+00,+2.1024522390E+00
+22.7000E-06,-3.0150753446E+00,+2.0764890902E+00
+23.0500E-06,-3.0150753446E+00,+2.0622512344E+00
+23.4000E-06,-3.0150753446E+00,+2.0622512344E+00
+23.7500E-06,-3.0150753446E+00,+2.0563885879E+00
+24.1000E-06,-3.0150753446E+00,+2.0220502298E+00
+24.4500E-06,-3.0150753446E+00,+1.9818492252E+00
+24.8000E-06,-3.0410384934E+00,+1.9960870810E+00
+25.1500E-06,-3.0150753446E+00,+2.0145125415E+00
+25.5000E-06,-3.0150753446E+00,+1.9818492252E+00
+25.8500E-06,-3.0150753446E+00,+1.9818492252E+00
+26.2000E-06,-3.0150753446E+00,+1.9818492252E+00
+26.5500E-06,-3.0150753446E+00,+1.9416482206E+00
+26.9000E-06,-3.0150753446E+00,+1.9416482206E+00
+27.2500E-06,-3.0075376562E+00,+1.9341105323E+00
+27.6000E-06,-3.0150753446E+00,+1.9022847370E+00
+27.9500E-06,-3.0209379911E+00,+1.8671088580E+00
+28.3000E-06,-3.0150753446E+00,+1.8888844021E+00
+28.6500E-06,-3.0150753446E+00,+1.8821842347E+00
+29.0000E-06,-3.0150753446E+00,+1.8612462115E+00
+29.3500E-06,-3.0150753446E+00,+1.8612462115E+00
+29.7000E-06,-3.0150753446E+00,+1.8210452069E+00
+30.0500E-06,-3.0150753446E+00,+1.8210452069E+00
+30.4000E-06,-3.0427135353E+00,+1.8210452069E+00
+30.7500E-06,-3.0150753446E+00,+1.8210452069E+00
+31.1000E-06,-3.0150753446E+00,+1.7808442023E+00
+31.4500E-06,-3.0150753446E+00,+1.7808442023E+00
+31.8000E-06,-3.0150753446E+00,+1.7414807186E+00
+32.1500E-06,-3.0150753446E+00,+1.7406431977E+00
+32.5000E-06,-3.0150753446E+00,+1.7406431977E+00
+32.8500E-06,-3.0150753446E+00,+1.7213802163E+00
+33.2000E-06,-3.0150753446E+00,+1.7004421931E+00
+33.5500E-06,-3.0150753446E+00,+1.7004421931E+00
+33.9000E-06,-3.0150753446E+00,+1.6610787094E+00
+34.2500E-06,-3.0494137027E+00,+1.6661038350E+00
+34.6000E-06,-3.0427135353E+00,+1.6602411885E+00
+34.9500E-06,-3.0360133678E+00,+1.6602411885E+00
+35.3000E-06,-3.0150753446E+00,+1.6602411885E+00
+35.6500E-06,-3.0477386608E+00,+1.6200401839E+00
+36.0000E-06,-3.0150753446E+00,+1.6200401839E+00
+36.3500E-06,-3.0150753446E+00,+1.5798391793E+00
+36.7000E-06,-3.0150753446E+00,+1.5798391793E+00
+37.0500E-06,-3.0150753446E+00,+1.5798391793E+00
+37.4000E-06,-3.0150753446E+00,+1.5798391793E+00
+37.7500E-06,-3.0150753446E+00,+1.5396381747E+00
+38.1000E-06,-3.0150753446E+00,+1.5396381747E+00
+38.4500E-06,-3.0150753446E+00,+1.5739765328E+00
+38.8000E-06,-3.0150753446E+00,+1.5396381747E+00
+39.1500E-06,-3.0360133678E+00,+1.5396381747E+00
+39.5000E-06,-3.0150753446E+00,+1.4734740213E+00
+39.8500E-06,-3.0150753446E+00,+1.4994371701E+00
+40.2000E-06,-3.0150753446E+00,+1.4600736864E+00
+40.5500E-06,-3.0150753446E+00,+1.4592361655E+00
+40.9000E-06,-3.0150753446E+00,+1.4592361655E+00
+41.2500E-06,-3.0150753446E+00,+1.4190351609E+00
+41.6000E-06,-3.0150753446E+00,+1.4190351609E+00
+41.9500E-06,-3.0150753446E+00,+1.4265728493E+00
+42.3000E-06,-3.0150753446E+00,+1.4190351609E+00
+42.6500E-06,-3.0209379911E+00,+1.4131725144E+00
+43.0000E-06,-3.0150753446E+00,+1.3788341563E+00
+43.3500E-06,-3.0150753446E+00,+1.3788341563E+00
+43.7000E-06,-3.0293132004E+00,+1.3788341563E+00
+44.0500E-06,-3.0150753446E+00,+1.3788341563E+00
+44.4000E-06,-3.0150753446E+00,+1.3771591145E+00
+44.7500E-06,-3.0209379911E+00,+1.3386331517E+00
+45.1000E-06,-3.0150753446E+00,+1.3386331517E+00
+45.4500E-06,-3.0150753446E+00,+1.3193701704E+00
+45.8000E-06,-3.0150753446E+00,+1.3243952959E+00
+46.1500E-06,-3.0150753446E+00,+1.2984321471E+00
+46.5000E-06,-3.0150753446E+00,+1.2590686635E+00
+46.8500E-06,-3.0150753446E+00,+1.2582311425E+00
+47.2000E-06,-3.0150753446E+00,+1.2707939565E+00
+47.5500E-06,-3.0360133678E+00,+1.2389681612E+00
+47.9000E-06,-3.0410384934E+00,+1.2439932867E+00
+48.2500E-06,-3.0150753446E+00,+1.2180301379E+00
+48.6000E-06,-3.0544388283E+00,+1.2180301379E+00
+48.9500E-06,-3.0209379911E+00,+1.1836917799E+00
+49.3000E-06,-3.0427135353E+00,+1.1778291333E+00
+49.6500E-06,-3.0150753446E+00,+1.2180301379E+00
+50.0000E-06,-3.0150753446E+00,+1.1778291333E+00
+50.3500E-06,-3.0226130330E+00,+1.1451658171E+00
+50.7000E-06,-3.0150753446E+00,+1.1376281288E+00
+51.0500E-06,-3.0150753446E+00,+1.1376281288E+00
+51.4000E-06,-3.0150753446E+00,+1.1099899381E+00
+51.7500E-06,-3.0150753446E+00,+1.0974271242E+00
+52.1000E-06,-3.0150753446E+00,+1.1116649800E+00
+52.4500E-06,-3.0477386608E+00,+1.0974271242E+00
+52.8000E-06,-3.0150753446E+00,+1.0572261196E+00
+53.1500E-06,-3.0150753446E+00,+1.0974271242E+00
+53.5000E-06,-3.0427135353E+00,+1.0697889335E+00
+53.8500E-06,-3.0360133678E+00,+1.0572261196E+00
+54.2000E-06,-3.0150753446E+00,+1.0429882638E+00
+54.5500E-06,-3.0150753446E+00,+1.0170251150E+00
+54.9000E-06,-3.0150753446E+00,+1.0170251150E+00
+55.2500E-06,-3.0150753446E+00,+1.0170251150E+00
+55.6000E-06,-3.0150753446E+00,+1.0170251150E+00
+55.9500E-06,-3.0150753446E+00,+996.0870917E-03
+56.3000E-06,-3.0150753446E+00,+976.8241104E-03
+56.6500E-06,-3.0226130330E+00,+976.8241104E-03
+57.0000E-06,-3.0544388283E+00,+976.8241104E-03
+57.3500E-06,-3.0150753446E+00,+936.6231058E-03
+57.7000E-06,-3.0276381585E+00,+936.6231058E-03
+58.0500E-06,-3.0150753446E+00,+936.6231058E-03
+58.4000E-06,-3.0293132004E+00,+922.3852500E-03
+58.7500E-06,-3.0150753446E+00,+896.4221012E-03
+59.1000E-06,-3.0159128655E+00,+896.4221012E-03
+59.4500E-06,-3.0150753446E+00,+890.5594547E-03
+59.8000E-06,-3.0427135353E+00,+883.8592872E-03
+60.1500E-06,-3.0150753446E+00,+856.2210966E-03
+60.5000E-06,-3.0552763492E+00,+856.2210966E-03
+60.8500E-06,-3.0150753446E+00,+856.2210966E-03
+61.2000E-06,-3.0150753446E+00,+816.8576129E-03
+61.5500E-06,-3.0494137027E+00,+821.8827385E-03
+61.9000E-06,-3.0427135353E+00,+816.0200920E-03
+62.2500E-06,-3.0150753446E+00,+816.0200920E-03
+62.6000E-06,-3.0150753446E+00,+790.0569432E-03
+62.9500E-06,-3.0150753446E+00,+816.0200920E-03
+63.3000E-06,-3.0544388283E+00,+775.8190874E-03
+63.6500E-06,-3.0150753446E+00,+741.4807293E-03
+64.0000E-06,-3.0276381585E+00,+763.2562735E-03
+64.3500E-06,-3.0343383260E+00,+754.8810642E-03
+64.7000E-06,-3.0293132004E+00,+749.8559386E-03
+65.0500E-06,-3.0150753446E+00,+735.6180828E-03
+65.4000E-06,-3.0150753446E+00,+696.2545991E-03
+65.7500E-06,-3.0494137027E+00,+695.4170782E-03
+66.1000E-06,-3.0427135353E+00,+723.0552689E-03
+66.4500E-06,-3.0150753446E+00,+695.4170782E-03
+66.8000E-06,-3.0410384934E+00,+695.4170782E-03
+67.1500E-06,-3.0150753446E+00,+687.8793899E-03
+67.5000E-06,-3.0159128655E+00,+655.2160736E-03
+67.8500E-06,-3.0150753446E+00,+655.2160736E-03
+68.2000E-06,-3.0427135353E+00,+655.2160736E-03
+68.5500E-06,-3.0150753446E+00,+655.2160736E-03
+68.9000E-06,-3.0150753446E+00,+615.0150690E-03
+69.2500E-06,-3.0150753446E+00,+615.0150690E-03
+69.6000E-06,-3.0150753446E+00,+615.0150690E-03
+69.9500E-06,-3.0209379911E+00,+615.0150690E-03
+70.3000E-06,-3.0150753446E+00,+602.4522551E-03
+70.6500E-06,-3.0150753446E+00,+594.0770458E-03
+71.0000E-06,-3.0150753446E+00,+574.8140644E-03
+71.3500E-06,-3.0477386608E+00,+567.2763761E-03
+71.7000E-06,-3.0159128655E+00,+574.8140644E-03
+72.0500E-06,-3.0552763492E+00,+534.6130598E-03
+72.4000E-06,-3.0276381585E+00,+534.6130598E-03
+72.7500E-06,-3.0552763492E+00,+513.6750366E-03
+73.1000E-06,-3.0150753446E+00,+534.6130598E-03
+73.4500E-06,-3.0552763492E+00,+527.0753715E-03
+73.8000E-06,-3.0159128655E+00,+494.4120552E-03
+74.1500E-06,-3.0209379911E+00,+528.7504133E-03
+74.5000E-06,-3.0552763492E+00,+494.4120552E-03
+74.8500E-06,-3.0552763492E+00,+494.4120552E-03
+75.2000E-06,-3.0150753446E+00,+454.2110506E-03
+75.5500E-06,-3.0477386608E+00,+454.2110506E-03
+75.9000E-06,-3.0544388283E+00,+454.2110506E-03
+76.2500E-06,-3.0552763492E+00,+448.3484041E-03
+76.6000E-06,-3.0150753446E+00,+426.5728600E-03
+76.9500E-06,-3.0360133678E+00,+414.0100460E-03
+77.3000E-06,-3.0552763492E+00,+414.0100460E-03
+77.6500E-06,-3.0150753446E+00,+414.0100460E-03
+78.0000E-06,-3.0544388283E+00,+413.1725251E-03
+78.3500E-06,-3.0209379911E+00,+373.8090415E-03
+78.7000E-06,-3.0276381585E+00,+373.8090415E-03
+79.0500E-06,-3.0360133678E+00,+352.8710182E-03
+79.4000E-06,-3.0410384934E+00,+373.8090415E-03
+79.7500E-06,-3.0477386608E+00,+341.1457252E-03
+80.1000E-06,-3.0150753446E+00,+333.6080369E-03
+80.4500E-06,-3.0494137027E+00,+333.6080369E-03
+80.8000E-06,-3.0552763492E+00,+333.6080369E-03
+81.1500E-06,-3.0343383260E+00,+333.6080369E-03
+81.5000E-06,-3.0150753446E+00,+293.4070323E-03
+81.8500E-06,-3.0552763492E+00,+293.4070323E-03
+82.2000E-06,-3.0159128655E+00,+293.4070323E-03
+82.5500E-06,-3.0150753446E+00,+259.0686742E-03
+82.9000E-06,-3.0150753446E+00,+280.8442183E-03
+83.2500E-06,-3.0343383260E+00,+253.2060277E-03
+83.6000E-06,-3.0552763492E+00,+253.2060277E-03
+83.9500E-06,-3.0552763492E+00,+245.6683393E-03
+84.3000E-06,-3.0552763492E+00,+253.2060277E-03
+84.6500E-06,-3.0150753446E+00,+247.3433812E-03
+85.0000E-06,-3.0427135353E+00,+213.0050231E-03
+85.3500E-06,-3.0552763492E+00,+232.2680044E-03
+85.7000E-06,-3.0410384934E+00,+213.0050231E-03
+86.0500E-06,-3.0477386608E+00,+180.3417068E-03
+86.4000E-06,-3.0150753446E+00,+172.8040185E-03
+86.7500E-06,-3.0150753446E+00,+172.8040185E-03
+87.1000E-06,-3.0427135353E+00,+172.8040185E-03
+87.4500E-06,-3.0150753446E+00,+172.8040185E-03
+87.8000E-06,-3.0150753446E+00,+132.6030139E-03
+88.1500E-06,-3.0552763492E+00,+132.6030139E-03
+88.5000E-06,-3.0544388283E+00,+132.6030139E-03
+88.8500E-06,-3.0552763492E+00,+132.6030139E-03
+89.2000E-06,-3.0427135353E+00,+132.6030139E-03
+89.5500E-06,-3.0360133678E+00,+132.6030139E-03
+89.9000E-06,-3.0150753446E+00,+132.6030139E-03
+90.2500E-06,-3.0226130330E+00,+92.4020093E-03
+90.6000E-06,-3.0552763492E+00,+92.4020093E-03
+90.9500E-06,-3.0494137027E+00,+86.5393628E-03
+91.3000E-06,-3.0552763492E+00,+92.4020093E-03
+91.6500E-06,-3.0552763492E+00,+73.1390279E-03
+92.0000E-06,-3.0150753446E+00,+66.4388605E-03
+92.3500E-06,-3.0226130330E+00,+52.2010047E-03
+92.7000E-06,-3.0159128655E+00,+52.2010047E-03
+93.0500E-06,-3.0150753446E+00,+46.3383582E-03
+93.4000E-06,-3.0552763492E+00,+24.5628140E-03
+93.7500E-06,-3.0552763492E+00,+32.9380233E-03
+94.1000E-06,-3.0293132004E+00,+12.0000001E-03
+94.4500E-06,-3.0552763492E+00,+12.0000001E-03
+94.8000E-06,-3.0544388283E+00,+12.0000001E-03
+95.1500E-06,-3.0150753446E+00,+6.1373536E-03
+95.5000E-06,-3.0150753446E+00,-28.2010045E-03
+95.8500E-06,-3.0360133678E+00,-28.2010045E-03
+96.2000E-06,-3.0410384934E+00,-28.2010045E-03
+96.5500E-06,-3.0552763492E+00,-28.2010045E-03
+96.9000E-06,-3.0150753446E+00,-28.2010045E-03
+97.2500E-06,-3.0494137027E+00,-34.0636510E-03
+97.6000E-06,-3.0150753446E+00,-68.4020091E-03
+97.9500E-06,-3.0150753446E+00,-68.4020091E-03
+98.3000E-06,-3.0150753446E+00,-68.4020091E-03
+98.6500E-06,-3.0552763492E+00,-101.0653253E-03
+99.0000E-06,-3.0150753446E+00,-68.4020091E-03
+99.3500E-06,-3.0552763492E+00,-108.6030137E-03
+99.7000E-06,-3.0427135353E+00,-108.6030137E-03
+100.0500E-06,-3.0552763492E+00,-108.6030137E-03
+100.4000E-06,-3.0552763492E+00,-108.6030137E-03
+100.7500E-06,-3.0226130330E+00,-148.8040183E-03
+101.1000E-06,-3.0150753446E+00,-108.6030137E-03
+101.4500E-06,-3.0552763492E+00,-114.4656602E-03
+101.8000E-06,-3.0552763492E+00,-148.8040183E-03
+102.1500E-06,-3.0343383260E+00,-148.8040183E-03
+102.5000E-06,-3.0293132004E+00,-148.8040183E-03
+102.8500E-06,-3.0477386608E+00,-156.3417066E-03
+103.2000E-06,-3.0544388283E+00,-189.0050229E-03
+103.5500E-06,-3.0209379911E+00,-154.6666648E-03
+103.9000E-06,-3.0552763492E+00,-189.0050229E-03
+104.2500E-06,-3.0150753446E+00,-209.9430461E-03
+104.6000E-06,-3.0410384934E+00,-189.0050229E-03
+104.9500E-06,-3.0226130330E+00,-189.0050229E-03
+105.3000E-06,-3.0150753446E+00,-229.2060275E-03
+105.6500E-06,-3.0494137027E+00,-229.2060275E-03
+106.0000E-06,-3.0552763492E+00,-229.2060275E-03
+106.3500E-06,-3.0552763492E+00,-229.2060275E-03
+106.7000E-06,-3.0150753446E+00,-229.2060275E-03
+107.0500E-06,-3.0552763492E+00,-269.4070321E-03
+107.4000E-06,-3.0552763492E+00,-268.5695111E-03
+107.7500E-06,-3.0552763492E+00,-235.0686740E-03
+108.1000E-06,-3.0276381585E+00,-269.4070321E-03
+108.4500E-06,-3.0552763492E+00,-269.4070321E-03
+108.8000E-06,-3.0410384934E+00,-309.6080367E-03
+109.1500E-06,-3.0477386608E+00,-309.6080367E-03
+109.5000E-06,-3.0552763492E+00,-309.6080367E-03
+109.8500E-06,-3.0209379911E+00,-309.6080367E-03
+110.2000E-06,-3.0276381585E+00,-309.6080367E-03
+110.5500E-06,-3.0552763492E+00,-328.8710180E-03
+110.9000E-06,-3.0552763492E+00,-335.5711855E-03
+111.2500E-06,-3.0552763492E+00,-342.2713529E-03
+111.6000E-06,-3.0544388283E+00,-349.8090412E-03
+111.9500E-06,-3.0552763492E+00,-349.8090412E-03
+112.3000E-06,-3.0552763492E+00,-349.8090412E-03
+112.6500E-06,-3.0552763492E+00,-370.7470645E-03
+113.0000E-06,-3.0293132004E+00,-364.0468970E-03
+113.3500E-06,-3.0552763492E+00,-349.8090412E-03
+113.7000E-06,-3.0552763492E+00,-390.0100458E-03
+114.0500E-06,-3.0150753446E+00,-390.0100458E-03
+114.4000E-06,-3.0552763492E+00,-390.0100458E-03
+114.7500E-06,-3.0552763492E+00,-409.2730272E-03
+115.1000E-06,-3.0150753446E+00,-415.9731946E-03
+115.4500E-06,-3.0552763492E+00,-430.2110504E-03
+115.8000E-06,-3.0544388283E+00,-429.3735295E-03
+116.1500E-06,-3.0552763492E+00,-430.2110504E-03
+116.5000E-06,-3.0427135353E+00,-430.2110504E-03
+116.8500E-06,-3.0150753446E+00,-410.9480691E-03
+117.2000E-06,-3.0552763492E+00,-430.2110504E-03
+117.5500E-06,-3.0150753446E+00,-470.4120550E-03
+117.9000E-06,-3.0150753446E+00,-470.4120550E-03
+118.2500E-06,-3.0494137027E+00,-470.4120550E-03
+118.6000E-06,-3.0552763492E+00,-470.4120550E-03
+118.9500E-06,-3.0150753446E+00,-470.4120550E-03
+119.3000E-06,-3.0410384934E+00,-470.4120550E-03
+119.6500E-06,-3.0552763492E+00,-503.0753713E-03
+120.0000E-06,-3.0552763492E+00,-509.7755387E-03
+120.3500E-06,-3.0494137027E+00,-504.7504131E-03
+120.7000E-06,-3.0427135353E+00,-538.2512503E-03
+121.0500E-06,-3.0552763492E+00,-510.6130596E-03
+121.4000E-06,-3.0552763492E+00,-510.6130596E-03
+121.7500E-06,-3.0552763492E+00,-510.6130596E-03
+122.1000E-06,-3.0552763492E+00,-550.8140642E-03
+122.4500E-06,-3.0552763492E+00,-516.4757061E-03
+122.8000E-06,-3.0552763492E+00,-550.8140642E-03
+123.1500E-06,-3.0552763492E+00,-529.8760410E-03
+123.5000E-06,-3.0150753446E+00,-565.0519200E-03
+123.8500E-06,-3.0552763492E+00,-550.8140642E-03
+124.2000E-06,-3.0552763492E+00,-551.6515852E-03
+124.5500E-06,-3.0552763492E+00,-550.8140642E-03
+124.9000E-06,-3.0276381585E+00,-591.0150688E-03
+125.2500E-06,-3.0552763492E+00,-591.0150688E-03
+125.6000E-06,-3.0552763492E+00,-591.0150688E-03
+125.9500E-06,-3.0552763492E+00,-591.0150688E-03
+126.3000E-06,-3.0159128655E+00,-591.0150688E-03
+126.6500E-06,-3.0494137027E+00,-631.2160734E-03
+127.0000E-06,-3.0150753446E+00,-591.0150688E-03
+127.3500E-06,-3.0343383260E+00,-631.2160734E-03
+127.7000E-06,-3.0552763492E+00,-631.2160734E-03
+128.0500E-06,-3.0552763492E+00,-638.7537618E-03
+128.4000E-06,-3.0150753446E+00,-631.2160734E-03
+128.7500E-06,-3.0209379911E+00,-665.5544315E-03
+129.1000E-06,-3.0552763492E+00,-671.4170780E-03
+129.4500E-06,-3.0343383260E+00,-671.4170780E-03
+129.8000E-06,-3.0552763492E+00,-685.6549338E-03
+130.1500E-06,-3.0150753446E+00,-678.9547664E-03
+130.5000E-06,-3.0552763492E+00,-671.4170780E-03
+130.8500E-06,-3.0552763492E+00,-705.7554361E-03
+131.2000E-06,-3.0276381585E+00,-711.6180826E-03
+131.5500E-06,-3.0552763492E+00,-711.6180826E-03
+131.9000E-06,-3.0293132004E+00,-711.6180826E-03
+132.2500E-06,-3.0552763492E+00,-711.6180826E-03
+132.6000E-06,-3.0552763492E+00,-711.6180826E-03
+132.9500E-06,-3.0552763492E+00,-711.6180826E-03
+133.3000E-06,-3.0552763492E+00,-739.2562733E-03
+133.6500E-06,-3.0552763492E+00,-730.8810640E-03
+134.0000E-06,-3.0410384934E+00,-751.8190872E-03
+134.3500E-06,-3.0150753446E+00,-751.8190872E-03
+134.7000E-06,-3.0159128655E+00,-751.8190872E-03
+135.0500E-06,-3.0552763492E+00,-751.8190872E-03
+135.4000E-06,-3.0276381585E+00,-792.0200918E-03
+135.7500E-06,-3.0552763492E+00,-751.8190872E-03
+136.1000E-06,-3.0410384934E+00,-766.0569430E-03
+136.4500E-06,-3.0552763492E+00,-759.3567756E-03
+136.8000E-06,-3.0552763492E+00,-792.0200918E-03
+137.1500E-06,-3.0209379911E+00,-792.0200918E-03
+137.5000E-06,-3.0552763492E+00,-792.0200918E-03
+137.8500E-06,-3.0343383260E+00,-792.0200918E-03
+138.2000E-06,-3.0552763492E+00,-792.0200918E-03
+138.5500E-06,-3.0150753446E+00,-799.5577801E-03
+138.9000E-06,-3.0552763492E+00,-831.3835755E-03
+139.2500E-06,-3.0209379911E+00,-832.2210964E-03
+139.6000E-06,-3.0427135353E+00,-832.2210964E-03
+139.9500E-06,-3.0552763492E+00,-832.2210964E-03
+140.3000E-06,-3.0552763492E+00,-832.2210964E-03
+140.6500E-06,-3.0226130330E+00,-872.4221010E-03
+141.0000E-06,-3.0552763492E+00,-872.4221010E-03
+141.3500E-06,-3.0209379911E+00,-838.0837429E-03
+141.7000E-06,-3.0276381585E+00,-832.2210964E-03
+142.0500E-06,-3.0552763492E+00,-872.4221010E-03
+142.4000E-06,-3.0293132004E+00,-872.4221010E-03
+142.7500E-06,-3.0552763492E+00,-879.9597893E-03
+143.1000E-06,-3.0552763492E+00,-872.4221010E-03
+143.4500E-06,-3.0494137027E+00,-912.6231056E-03
+143.8000E-06,-3.0552763492E+00,-912.6231056E-03
+144.1500E-06,-3.0552763492E+00,-912.6231056E-03
+144.5000E-06,-3.0552763492E+00,-912.6231056E-03
+144.8500E-06,-3.0477386608E+00,-912.6231056E-03
+145.2000E-06,-3.0552763492E+00,-912.6231056E-03
+145.5500E-06,-3.0552763492E+00,-912.6231056E-03
+145.9000E-06,-3.0552763492E+00,-940.2612962E-03
+146.2500E-06,-3.0552763492E+00,-912.6231056E-03
+146.6000E-06,-3.0552763492E+00,-952.8241102E-03
+146.9500E-06,-3.0477386608E+00,-952.8241102E-03
+147.3000E-06,-3.0552763492E+00,-952.8241102E-03
+147.6500E-06,-3.0552763492E+00,-952.8241102E-03
+148.0000E-06,-3.0150753446E+00,-952.8241102E-03
+148.3500E-06,-3.0552763492E+00,-952.8241102E-03
+148.7000E-06,-3.0552763492E+00,-952.8241102E-03
+149.0500E-06,-3.0226130330E+00,-993.0251148E-03
+149.4000E-06,-3.0552763492E+00,-992.1875938E-03
+149.7500E-06,-3.0552763492E+00,-993.0251148E-03
+150.1000E-06,-3.0427135353E+00,-993.0251148E-03
+150.4500E-06,-3.0552763492E+00,-993.0251148E-03
+150.8000E-06,-3.0410384934E+00,-993.0251148E-03
+151.1500E-06,-3.0552763492E+00,-1.0256884310E+00
+151.5000E-06,-3.0159128655E+00,-993.0251148E-03
+151.8500E-06,-3.0552763492E+00,-1.0273634729E+00
+152.2000E-06,-3.0150753446E+00,-1.0332261194E+00
+152.5500E-06,-3.0552763492E+00,-1.0332261194E+00
+152.9000E-06,-3.0552763492E+00,-1.0332261194E+00
+153.2500E-06,-3.0552763492E+00,-1.0332261194E+00
+153.6000E-06,-3.0552763492E+00,-1.0332261194E+00
+153.9500E-06,-3.0552763492E+00,-1.0332261194E+00
+154.3000E-06,-3.0552763492E+00,-1.0608643100E+00
+154.6500E-06,-3.0552763492E+00,-1.0734271239E+00
+155.0000E-06,-3.0552763492E+00,-1.0332261194E+00
+155.3500E-06,-3.0552763492E+00,-1.0734271239E+00
+155.7000E-06,-3.0552763492E+00,-1.0734271239E+00
+156.0500E-06,-3.0552763492E+00,-1.0792897705E+00
+156.4000E-06,-3.0276381585E+00,-1.0859899379E+00
+156.7500E-06,-3.0552763492E+00,-1.0926901053E+00
+157.1000E-06,-3.0552763492E+00,-1.1136281285E+00
+157.4500E-06,-3.0226130330E+00,-1.1060904402E+00
+157.8000E-06,-3.0159128655E+00,-1.1127906076E+00
+158.1500E-06,-3.0494137027E+00,-1.1136281285E+00
+158.5000E-06,-3.0552763492E+00,-1.1136281285E+00
+158.8500E-06,-3.0552763492E+00,-1.1136281285E+00
+159.2000E-06,-3.0552763492E+00,-1.1136281285E+00
+159.5500E-06,-3.0552763492E+00,-1.1538291331E+00
+159.9000E-06,-3.0552763492E+00,-1.1144656495E+00
+160.2500E-06,-3.0552763492E+00,-1.1538291331E+00
+160.6000E-06,-3.0552763492E+00,-1.1538291331E+00
+160.9500E-06,-3.0552763492E+00,-1.1538291331E+00
+161.3000E-06,-3.0410384934E+00,-1.1538291331E+00
+161.6500E-06,-3.0552763492E+00,-1.1538291331E+00
+162.0000E-06,-3.0552763492E+00,-1.1538291331E+00
+162.3500E-06,-3.0552763492E+00,-1.1538291331E+00
+162.7000E-06,-3.0552763492E+00,-1.1538291331E+00
+163.0500E-06,-3.0552763492E+00,-1.1940301377E+00
+163.4000E-06,-3.0552763492E+00,-1.1940301377E+00
+163.7500E-06,-3.0552763492E+00,-1.1864924494E+00
+164.1000E-06,-3.0552763492E+00,-1.1940301377E+00
+164.4500E-06,-3.0552763492E+00,-1.1940301377E+00
+164.8000E-06,-3.0427135353E+00,-1.1940301377E+00
+165.1500E-06,-3.0552763492E+00,-1.2132931191E+00
+165.5000E-06,-3.0552763492E+00,-1.2199932865E+00
+165.8500E-06,-3.0552763492E+00,-1.2342311423E+00
+166.2000E-06,-3.0552763492E+00,-1.2342311423E+00
+166.5500E-06,-3.0494137027E+00,-1.2342311423E+00
+166.9000E-06,-3.0427135353E+00,-1.2342311423E+00
+167.2500E-06,-3.0360133678E+00,-1.2342311423E+00
+167.6000E-06,-3.0410384934E+00,-1.2342311423E+00
+167.9500E-06,-3.0552763492E+00,-1.2342311423E+00
+168.3000E-06,-3.0552763492E+00,-1.2342311423E+00
+168.6500E-06,-3.0552763492E+00,-1.2342311423E+00
+169.0000E-06,-3.0552763492E+00,-1.2618693330E+00
+169.3500E-06,-3.0552763492E+00,-1.2744321469E+00
+169.7000E-06,-3.0552763492E+00,-1.2484689981E+00
+170.0500E-06,-3.0552763492E+00,-1.2744321469E+00
+170.4000E-06,-3.0552763492E+00,-1.2744321469E+00
+170.7500E-06,-3.0552763492E+00,-1.2744321469E+00
+171.1000E-06,-3.0552763492E+00,-1.2744321469E+00
+171.4500E-06,-3.0552763492E+00,-1.2953701701E+00
+171.8000E-06,-3.0293132004E+00,-1.2744321469E+00
+172.1500E-06,-3.0552763492E+00,-1.2819698353E+00
+172.5000E-06,-3.0552763492E+00,-1.3146331515E+00
+172.8500E-06,-3.0552763492E+00,-1.3146331515E+00
+173.2000E-06,-3.0552763492E+00,-1.3146331515E+00
+173.5500E-06,-3.0343383260E+00,-1.3146331515E+00
+173.9000E-06,-3.0552763492E+00,-1.3146331515E+00
+174.2500E-06,-3.0552763492E+00,-1.3472964678E+00
+174.6000E-06,-3.0552763492E+00,-1.3146331515E+00
+174.9500E-06,-3.0552763492E+00,-1.3548341561E+00
+175.3000E-06,-3.0552763492E+00,-1.3146331515E+00
+175.6500E-06,-3.0552763492E+00,-1.3146331515E+00
+176.0000E-06,-3.0410384934E+00,-1.3288710073E+00
+176.3500E-06,-3.0552763492E+00,-1.3548341561E+00
+176.7000E-06,-3.0544388283E+00,-1.3548341561E+00
+177.0500E-06,-3.0552763492E+00,-1.3548341561E+00
+177.4000E-06,-3.0427135352E+00,-1.3548341561E+00
+177.7500E-06,-3.0360133678E+00,-1.3740971375E+00
+178.1000E-06,-3.0552763492E+00,-1.3548341561E+00
+178.4500E-06,-3.0552763492E+00,-1.3548341561E+00
+178.8000E-06,-3.0544388283E+00,-1.3548341561E+00
+179.1500E-06,-3.0552763492E+00,-1.3548341561E+00
+179.5000E-06,-3.0552763492E+00,-1.3950351607E+00
+179.8500E-06,-3.0552763492E+00,-1.3740971375E+00
+180.2000E-06,-3.0293132004E+00,-1.3807973049E+00
+180.5500E-06,-3.0226130330E+00,-1.3950351607E+00
+180.9000E-06,-3.0552763492E+00,-1.3950351607E+00
+181.2500E-06,-3.0552763492E+00,-1.3950351607E+00
+181.6000E-06,-3.0552763492E+00,-1.4075979746E+00
+181.9500E-06,-3.0552763492E+00,-1.3950351607E+00
+182.3000E-06,-3.0552763492E+00,-1.4209983095E+00
+182.6500E-06,-3.0552763492E+00,-1.4352361653E+00
+183.0000E-06,-3.0552763492E+00,-1.4352361653E+00
+183.3500E-06,-3.0552763492E+00,-1.4352361653E+00
+183.7000E-06,-3.0552763492E+00,-1.4628743560E+00
+184.0500E-06,-3.0552763492E+00,-1.4159731839E+00
+184.4000E-06,-3.0552763492E+00,-1.4494740211E+00
+184.7500E-06,-3.0226130330E+00,-1.4352361653E+00
+185.1000E-06,-3.0552763492E+00,-1.4754371699E+00
+185.4500E-06,-3.0552763492E+00,-1.4352361653E+00
+185.8000E-06,-3.0427135352E+00,-1.4352361653E+00
+186.1500E-06,-3.0360133678E+00,-1.4754371699E+00
+186.5000E-06,-3.0552763492E+00,-1.4754371699E+00
+186.8500E-06,-3.0226130330E+00,-1.4427738537E+00
+187.2000E-06,-3.0552763492E+00,-1.4754371699E+00
+187.5500E-06,-3.0552763492E+00,-1.4754371699E+00
+187.9000E-06,-3.0276381585E+00,-1.4754371699E+00
+188.2500E-06,-3.0552763492E+00,-1.4947001513E+00
+188.6000E-06,-3.0552763492E+00,-1.4754371699E+00
+188.9500E-06,-3.0477386608E+00,-1.4754371699E+00
+189.3000E-06,-3.0552763492E+00,-1.5156381745E+00
+189.6500E-06,-3.0209379911E+00,-1.5156381745E+00
+190.0000E-06,-3.0552763492E+00,-1.5156381745E+00
+190.3500E-06,-3.0360133678E+00,-1.5156381745E+00
+190.7000E-06,-3.0410384934E+00,-1.5156381745E+00
+191.0500E-06,-3.0150753446E+00,-1.4829748583E+00
+191.4000E-06,-3.0552763492E+00,-1.5156381745E+00
+191.7500E-06,-3.0552763492E+00,-1.5156381745E+00
+192.1000E-06,-3.0552763492E+00,-1.5156381745E+00
+192.4500E-06,-3.0343383260E+00,-1.5156381745E+00
+192.8000E-06,-3.0293132004E+00,-1.5416013233E+00
+193.1500E-06,-3.0552763492E+00,-1.5483014907E+00
+193.5000E-06,-3.0552763492E+00,-1.5550016582E+00
+193.8500E-06,-3.0552763492E+00,-1.5499765326E+00
+194.2000E-06,-3.0552763492E+00,-1.5432763651E+00
+194.5500E-06,-3.0552763492E+00,-1.5558391791E+00
+194.9000E-06,-3.0410384934E+00,-1.5298760303E+00
+195.2500E-06,-3.0552763492E+00,-1.5885024953E+00
+195.6000E-06,-3.0552763492E+00,-1.5558391791E+00
+195.9500E-06,-3.0552763492E+00,-1.5617018256E+00
+196.3000E-06,-3.0552763492E+00,-1.5558391791E+00
+196.6500E-06,-3.0552763492E+00,-1.5960401837E+00
+197.0000E-06,-3.0552763492E+00,-1.5960401837E+00
+197.3500E-06,-3.0552763492E+00,-1.5633768674E+00
+197.7000E-06,-3.0544388283E+00,-1.5960401837E+00
+198.0500E-06,-3.0494137027E+00,-1.5960401837E+00
+198.4000E-06,-3.0276381585E+00,-1.5960401837E+00
+198.7500E-06,-3.0552763492E+00,-1.5960401837E+00
+199.1000E-06,-3.0293132004E+00,-1.5960401837E+00
+199.4500E-06,-3.0552763492E+00,-1.5960401837E+00
+199.8000E-06,-3.0552763492E+00,-1.6362411883E+00
+200.1500E-06,-3.0552763492E+00,-1.6019028302E+00
+200.5000E-06,-3.0552763492E+00,-1.6236783743E+00
+200.8500E-06,-3.0552763492E+00,-1.6169782069E+00
+201.2000E-06,-3.0293132004E+00,-1.6102780395E+00
+201.5500E-06,-3.0477386608E+00,-1.6035778720E+00
+201.9000E-06,-3.0544388283E+00,-1.6362411883E+00
+202.2500E-06,-3.0209379911E+00,-1.6362411883E+00
+202.6000E-06,-3.0552763492E+00,-1.6362411883E+00
+202.9500E-06,-3.0552763492E+00,-1.6555041696E+00
+203.3000E-06,-3.0552763492E+00,-1.6362411883E+00
+203.6500E-06,-3.0552763492E+00,-1.6437788766E+00
+204.0000E-06,-3.0552763492E+00,-1.5977152255E+00
+204.3500E-06,-3.0552763492E+00,-1.6362411883E+00
+204.7000E-06,-3.0150753446E+00,-1.6764421929E+00
+205.0500E-06,-3.0552763492E+00,-1.6764421929E+00
+205.4000E-06,-3.0552763492E+00,-1.6764421929E+00
+205.7500E-06,-3.0552763492E+00,-1.6764421929E+00
+206.1000E-06,-3.0552763492E+00,-1.6764421929E+00
+206.4500E-06,-3.0552763492E+00,-1.6705795464E+00
+206.8000E-06,-3.0552763492E+00,-1.6488040022E+00
+207.1500E-06,-3.0552763492E+00,-1.6764421929E+00
+207.5000E-06,-3.0410384934E+00,-1.6764421929E+00
+207.8500E-06,-3.0552763492E+00,-1.6764421929E+00
+208.2000E-06,-3.0552763492E+00,-1.6772797138E+00
+208.5500E-06,-3.0552763492E+00,-1.6823048394E+00
+208.9000E-06,-3.0552763492E+00,-1.7166431975E+00
+209.2500E-06,-3.0552763492E+00,-1.6973802161E+00
+209.6000E-06,-3.0552763492E+00,-1.6906800487E+00
+209.9500E-06,-3.0552763492E+00,-1.7166431975E+00
+210.3000E-06,-3.0552763492E+00,-1.6772797138E+00
+210.6500E-06,-3.0552763492E+00,-1.7166431975E+00
+211.0000E-06,-3.0552763492E+00,-1.7166431975E+00
+211.3500E-06,-3.0552763492E+00,-1.7166431975E+00
+211.7000E-06,-3.0552763492E+00,-1.7166431975E+00
+212.0500E-06,-3.0552763492E+00,-1.7166431975E+00
+212.4000E-06,-3.0552763492E+00,-1.7166431975E+00
+212.7500E-06,-3.0552763492E+00,-1.7225058440E+00
+213.1000E-06,-3.0552763492E+00,-1.7166431975E+00
+213.4500E-06,-3.0343383260E+00,-1.7568442021E+00
+213.8000E-06,-3.0552763492E+00,-1.7426063463E+00
+214.1500E-06,-3.0552763492E+00,-1.7568442021E+00
+214.5000E-06,-3.0159128655E+00,-1.7568442021E+00
+214.8500E-06,-3.0552763492E+00,-1.7568442021E+00
+215.2000E-06,-3.0150753446E+00,-1.7568442021E+00
+215.5500E-06,-3.0552763492E+00,-1.7568442021E+00
+215.9000E-06,-3.0552763492E+00,-1.7568442021E+00
+216.2500E-06,-3.0552763492E+00,-1.7568442021E+00
+216.6000E-06,-3.0552763492E+00,-1.7568442021E+00
+216.9500E-06,-3.0150753446E+00,-1.7568442021E+00
+217.3000E-06,-3.0552763492E+00,-1.7568442021E+00
+217.6500E-06,-3.0360133678E+00,-1.7761071834E+00
+218.0000E-06,-3.0552763492E+00,-1.7970452067E+00
+218.3500E-06,-3.0552763492E+00,-1.7643818904E+00
+218.7000E-06,-3.0544388283E+00,-1.7962076857E+00
+219.0500E-06,-3.0552763492E+00,-1.7970452067E+00
+219.4000E-06,-3.0552763492E+00,-1.7970452067E+00
+219.7500E-06,-3.0552763492E+00,-1.7970452067E+00
+220.1000E-06,-3.0552763492E+00,-1.8112830624E+00
+220.4500E-06,-3.0226130329E+00,-1.7970452067E+00
+220.8000E-06,-3.0552763492E+00,-1.7970452067E+00
+221.1500E-06,-3.0552763492E+00,-1.7970452067E+00
+221.5000E-06,-3.0552763492E+00,-1.8246833973E+00
+221.8500E-06,-3.0552763492E+00,-1.8163081880E+00
+222.2000E-06,-3.0552763492E+00,-1.8112830624E+00
+222.5500E-06,-3.0552763492E+00,-1.8372462112E+00
+222.9000E-06,-3.0552763492E+00,-1.7970452067E+00
+223.2500E-06,-3.0552763492E+00,-1.8372462112E+00
+223.6000E-06,-3.0552763492E+00,-1.8372462112E+00
+223.9500E-06,-3.0552763492E+00,-1.8179832299E+00
+224.3000E-06,-3.0552763492E+00,-1.8372462112E+00
+224.6500E-06,-3.0477386608E+00,-1.8372462112E+00
+225.0000E-06,-3.0552763492E+00,-1.8372462112E+00
+225.3500E-06,-3.0552763492E+00,-1.8313835647E+00
+225.7000E-06,-3.0552763492E+00,-1.8498090252E+00
+226.0500E-06,-3.0552763492E+00,-1.8565091926E+00
+226.4000E-06,-3.0552763492E+00,-1.8514840670E+00
+226.7500E-06,-3.0552763492E+00,-1.8699095275E+00
+227.1000E-06,-3.0552763492E+00,-1.8774472158E+00
+227.4500E-06,-3.0209379911E+00,-1.8774472158E+00
+227.8000E-06,-3.0552763492E+00,-1.8774472158E+00
+228.1500E-06,-3.0552763492E+00,-1.8774472158E+00
+228.5000E-06,-3.0552763492E+00,-1.8774472158E+00
+228.8500E-06,-3.0552763492E+00,-1.8774472158E+00
+229.2000E-06,-3.0552763492E+00,-1.8774472158E+00
+229.5500E-06,-3.0552763492E+00,-1.8774472158E+00
+229.9000E-06,-3.0552763492E+00,-1.8774472158E+00
+230.2500E-06,-3.0360133678E+00,-1.8983852391E+00
+230.6000E-06,-3.0552763492E+00,-1.9176482204E+00
+230.9500E-06,-3.0552763492E+00,-1.8849849042E+00
+231.3000E-06,-3.0552763492E+00,-1.9176482204E+00
+231.6500E-06,-3.0552763492E+00,-1.8833098623E+00
+232.0000E-06,-3.0552763492E+00,-1.9176482204E+00
+232.3500E-06,-3.0552763492E+00,-1.9176482204E+00
+232.7000E-06,-3.0293132004E+00,-1.8916850716E+00
+233.0500E-06,-3.0552763492E+00,-1.9176482204E+00
+233.4000E-06,-3.0552763492E+00,-1.9176482204E+00
+233.7500E-06,-3.0552763492E+00,-1.9176482204E+00
+234.1000E-06,-3.0552763492E+00,-1.9176482204E+00
+234.4500E-06,-3.0552763492E+00,-1.9176482204E+00
+234.8000E-06,-3.0552763492E+00,-1.9176482204E+00
+235.1500E-06,-3.0226130329E+00,-1.9503115367E+00
+235.5000E-06,-3.0552763492E+00,-1.9184857414E+00
+235.8500E-06,-3.0209379911E+00,-1.9176482204E+00
+236.2000E-06,-3.0552763492E+00,-1.9176482204E+00
+236.5500E-06,-3.0552763492E+00,-1.9385862437E+00
+236.9000E-06,-3.0552763492E+00,-1.9318860762E+00
+237.2500E-06,-3.0552763492E+00,-1.9503115367E+00
+237.6000E-06,-3.0552763492E+00,-1.9184857414E+00
+237.9500E-06,-3.0552763492E+00,-1.9578492250E+00
+238.3000E-06,-3.0552763492E+00,-1.9452864111E+00
+238.6500E-06,-3.0552763492E+00,-1.9578492250E+00
+239.0000E-06,-3.0150753446E+00,-1.9578492250E+00
+239.3500E-06,-3.0552763492E+00,-1.9578492250E+00
+239.7000E-06,-3.0552763492E+00,-1.9578492250E+00
+240.0500E-06,-3.0552763492E+00,-1.9578492250E+00
+240.4000E-06,-3.0552763492E+00,-1.9578492250E+00
+240.7500E-06,-3.0552763492E+00,-1.9771122064E+00
+241.1000E-06,-3.0552763492E+00,-1.9578492250E+00
+241.4500E-06,-3.0150753446E+00,-1.9905125413E+00
+241.8000E-06,-3.0544388283E+00,-1.9578492250E+00
+242.1500E-06,-3.0552763492E+00,-1.9921875831E+00
+242.5000E-06,-3.0678391631E+00,-1.9704120390E+00
+242.8500E-06,-3.0552763492E+00,-1.9787872482E+00
+243.2000E-06,-3.0552763492E+00,-1.9578492250E+00
+243.5500E-06,-3.0552763492E+00,-1.9980502296E+00
+243.9000E-06,-3.0552763492E+00,-1.9980502296E+00
+244.2500E-06,-3.0552763492E+00,-1.9980502296E+00
+244.6000E-06,-3.0276381585E+00,-1.9980502296E+00
+244.9500E-06,-3.0552763492E+00,-1.9980502296E+00
+245.3000E-06,-3.0552763492E+00,-1.9980502296E+00
+245.6500E-06,-3.0477386608E+00,-1.9980502296E+00
+246.0000E-06,-3.0552763492E+00,-1.9980502296E+00
+246.3500E-06,-3.0552763492E+00,-2.0323885877E+00
+246.7000E-06,-3.0552763492E+00,-1.9980502296E+00
+247.0500E-06,-3.0552763492E+00,-2.0189882528E+00
+247.4000E-06,-3.0552763492E+00,-1.9980502296E+00
+247.7500E-06,-3.0552763492E+00,-2.0307135459E+00
+248.1000E-06,-3.0159128655E+00,-2.0374137133E+00
+248.4500E-06,-3.0552763492E+00,-2.0039128761E+00
+248.8000E-06,-3.0552763492E+00,-2.0382512342E+00
+249.1500E-06,-3.0552763492E+00,-2.0382512342E+00
+249.5000E-06,-3.0410384934E+00,-2.0382512342E+00
+249.8500E-06,-3.0477386608E+00,-2.0382512342E+00
+250.2000E-06,-3.0159128655E+00,-2.0374137133E+00
+250.5500E-06,-3.0552763492E+00,-2.0382512342E+00
+250.9000E-06,-3.0552763492E+00,-2.0382512342E+00
+251.2500E-06,-3.0552763492E+00,-2.0382512342E+00
+251.6000E-06,-3.0410384934E+00,-2.0382512342E+00
+251.9500E-06,-3.0552763492E+00,-2.0382512342E+00
+252.3000E-06,-3.0552763492E+00,-2.0390887551E+00
+252.6500E-06,-3.0552763492E+00,-2.0382512342E+00
+253.0000E-06,-3.0552763492E+00,-2.0382512342E+00
+253.3500E-06,-3.0552763492E+00,-2.0575142156E+00
+253.7000E-06,-3.0552763492E+00,-2.0382512342E+00
+254.0500E-06,-3.0552763492E+00,-2.0784522388E+00
+254.4000E-06,-3.0552763492E+00,-2.0382512342E+00
+254.7500E-06,-3.0552763492E+00,-2.0784522388E+00
+255.1000E-06,-3.0552763492E+00,-2.0784522388E+00
+255.4500E-06,-3.0552763492E+00,-2.0784522388E+00
+255.8000E-06,-3.0552763492E+00,-2.0784522388E+00
+256.1500E-06,-3.0552763492E+00,-2.0784522388E+00
+256.5000E-06,-3.0552763492E+00,-2.0784522388E+00
+256.8500E-06,-3.0552763492E+00,-2.0784522388E+00
+257.2000E-06,-3.0552763492E+00,-2.0910150528E+00
+257.5500E-06,-3.0150753446E+00,-2.0784522388E+00
+257.9000E-06,-3.0552763492E+00,-2.0784522388E+00
+258.2500E-06,-3.0226130329E+00,-2.0784522388E+00
+258.6000E-06,-3.0552763492E+00,-2.0784522388E+00
+258.9500E-06,-3.0552763492E+00,-2.1127905969E+00
+259.3000E-06,-3.0552763492E+00,-2.1186532434E+00
+259.6500E-06,-3.0552763492E+00,-2.0977152202E+00
+260.0000E-06,-3.0410384934E+00,-2.0784522388E+00
+260.3500E-06,-3.0552763492E+00,-2.1186532434E+00
+260.7000E-06,-3.0544388283E+00,-2.0784522388E+00
+261.0500E-06,-3.0552763492E+00,-2.1186532434E+00
+261.4000E-06,-3.0552763492E+00,-2.1186532434E+00
+261.7500E-06,-3.0552763492E+00,-2.1186532434E+00
+262.1000E-06,-3.0293132004E+00,-2.0784522388E+00
+262.4500E-06,-3.0552763492E+00,-2.1186532434E+00
+262.8000E-06,-3.0552763492E+00,-2.1186532434E+00
+263.1500E-06,-3.0552763492E+00,-2.1186532434E+00
+263.5000E-06,-3.0552763492E+00,-2.1186532434E+00
+263.8500E-06,-3.0552763492E+00,-2.1186532434E+00
+264.2000E-06,-3.0293132004E+00,-2.1186532434E+00
+264.5500E-06,-3.0552763492E+00,-2.1186532434E+00
+264.9000E-06,-3.0159128655E+00,-2.1588542480E+00
+265.2500E-06,-3.0552763492E+00,-2.1529916015E+00
+265.6000E-06,-3.0552763492E+00,-2.1186532434E+00
+265.9500E-06,-3.0552763492E+00,-2.1186532434E+00
+266.3000E-06,-3.0293132004E+00,-2.1328910992E+00
+266.6500E-06,-3.0552763492E+00,-2.1261909318E+00
+267.0000E-06,-3.0159128655E+00,-2.1588542480E+00
+267.3500E-06,-3.0552763492E+00,-2.1588542480E+00
+267.7000E-06,-3.0552763492E+00,-2.1312160573E+00
+268.0500E-06,-3.0552763492E+00,-2.1588542480E+00
+268.4000E-06,-3.0150753446E+00,-2.1588542480E+00
+268.7500E-06,-3.0226130330E+00,-2.1588542480E+00
+269.1000E-06,-3.0552763492E+00,-2.1588542480E+00
+269.4500E-06,-3.0552763492E+00,-2.1588542480E+00
+269.8000E-06,-3.0552763492E+00,-2.1588542480E+00
+270.1500E-06,-3.0552763492E+00,-2.1781172294E+00
+270.5000E-06,-3.0552763492E+00,-2.1730921038E+00
+270.8500E-06,-3.0552763492E+00,-2.1588542480E+00
+271.2000E-06,-3.0552763492E+00,-2.1596917689E+00
+271.5500E-06,-3.0552763492E+00,-2.1990552526E+00
+271.9000E-06,-3.0552763492E+00,-2.1864924387E+00
+272.2500E-06,-3.0552763492E+00,-2.1990552526E+00
+272.6000E-06,-3.0552763492E+00,-2.1990552526E+00
+272.9500E-06,-3.0552763492E+00,-2.1990552526E+00
+273.3000E-06,-3.0552763492E+00,-2.1982177317E+00
+273.6500E-06,-3.0209379911E+00,-2.1647168945E+00
+274.0000E-06,-3.0276381585E+00,-2.1990552526E+00
+274.3500E-06,-3.0552763492E+00,-2.1990552526E+00
+274.7000E-06,-3.0552763492E+00,-2.1990552526E+00
+275.0500E-06,-3.0226130330E+00,-2.1990552526E+00
+275.4000E-06,-3.0544388283E+00,-2.1990552526E+00
+275.7500E-06,-3.0552763492E+00,-2.1990552526E+00
+276.1000E-06,-3.0427135352E+00,-2.1990552526E+00
+276.4500E-06,-3.0552763492E+00,-2.2183182340E+00
+276.8000E-06,-3.0293132004E+00,-2.1990552526E+00
+277.1500E-06,-3.0552763492E+00,-2.1990552526E+00
+277.5000E-06,-3.0552763492E+00,-2.1990552526E+00
+277.8500E-06,-3.0552763492E+00,-2.1990552526E+00
+278.2000E-06,-3.0552763492E+00,-2.1990552526E+00
+278.5500E-06,-3.0360133678E+00,-2.2392562572E+00
+278.9000E-06,-3.0552763492E+00,-2.2250184014E+00
+279.2500E-06,-3.0552763492E+00,-2.2392562572E+00
+279.6000E-06,-3.0552763492E+00,-2.1998927735E+00
+279.9500E-06,-3.0552763492E+00,-2.2049178991E+00
+280.3000E-06,-3.0552763492E+00,-2.2392562572E+00
+280.6500E-06,-3.0552763492E+00,-2.2392562572E+00
+281.0000E-06,-3.0552763492E+00,-2.2392562572E+00
+281.3500E-06,-3.0226130330E+00,-2.2392562572E+00
+281.7000E-06,-3.0552763492E+00,-2.1998927735E+00
+282.0500E-06,-3.0552763492E+00,-2.2392562572E+00
+282.4000E-06,-3.0276381585E+00,-2.2392562572E+00
+282.7500E-06,-3.0343383260E+00,-2.2585192386E+00
+283.1000E-06,-3.0552763492E+00,-2.2392562572E+00
+283.4500E-06,-3.0477386608E+00,-2.2719195734E+00
+283.8000E-06,-3.0552763492E+00,-2.2392562572E+00
+284.1500E-06,-3.0552763492E+00,-2.2392562572E+00
+284.5000E-06,-3.0552763492E+00,-2.2392562572E+00
+284.8500E-06,-3.0360133678E+00,-2.2392562572E+00
+285.2000E-06,-3.0552763492E+00,-2.2534941130E+00
+285.5500E-06,-3.0552763492E+00,-2.2467939456E+00
+285.9000E-06,-3.0552763492E+00,-2.2400937781E+00
+286.2500E-06,-3.0552763492E+00,-2.2794572618E+00
+286.6000E-06,-3.0552763492E+00,-2.2794572618E+00
+286.9500E-06,-3.0552763492E+00,-2.2585192386E+00
+287.3000E-06,-3.0552763492E+00,-2.2652194060E+00
+287.6500E-06,-3.0226130330E+00,-2.2794572618E+00
+288.0000E-06,-3.0552763492E+00,-2.2794572618E+00
+288.3500E-06,-3.0552763492E+00,-2.2451189037E+00
+288.7000E-06,-3.0552763492E+00,-2.2794572618E+00
+289.0500E-06,-3.0360133678E+00,-2.2794572618E+00
+289.4000E-06,-3.0552763492E+00,-2.2794572618E+00
+289.7500E-06,-3.0477386608E+00,-2.2794572618E+00
+290.1000E-06,-3.0159128655E+00,-2.2794572618E+00
+290.4500E-06,-3.0552763492E+00,-2.2853199083E+00
+290.8000E-06,-3.0552763492E+00,-2.2794572618E+00
+291.1500E-06,-3.0552763492E+00,-2.3003952850E+00
+291.5000E-06,-3.0552763492E+00,-2.2794572618E+00
+291.8500E-06,-3.0552763492E+00,-2.2869949501E+00
+292.2000E-06,-3.0552763492E+00,-2.2802947827E+00
+292.5500E-06,-3.0552763492E+00,-2.2853199083E+00
+292.9000E-06,-3.0552763492E+00,-2.2920200757E+00
+293.2500E-06,-3.0552763492E+00,-2.2794572618E+00
+293.6000E-06,-3.0552763492E+00,-2.3054204106E+00
+293.9500E-06,-3.0552763492E+00,-2.3196582664E+00
+294.3000E-06,-3.0552763492E+00,-2.2802947827E+00
+294.6500E-06,-3.0552763492E+00,-2.2853199083E+00
+295.0000E-06,-3.0552763492E+00,-2.2920200757E+00
+295.3500E-06,-3.0552763492E+00,-2.3196582664E+00
+295.7000E-06,-3.0293132004E+00,-2.3196582664E+00
+296.0500E-06,-3.0552763492E+00,-2.3196582664E+00
+296.4000E-06,-3.0552763492E+00,-2.3196582664E+00
+296.7500E-06,-3.0552763492E+00,-2.3196582664E+00
+297.1000E-06,-3.0552763492E+00,-2.3196582664E+00
+297.4500E-06,-3.0360133678E+00,-2.3196582664E+00
+297.8000E-06,-3.0293132004E+00,-2.3054204106E+00
+298.1500E-06,-3.0552763492E+00,-2.3196582664E+00
+298.5000E-06,-3.0552763492E+00,-2.3196582664E+00
+298.8500E-06,-3.0494137027E+00,-2.3196582664E+00
+299.2000E-06,-3.0552763492E+00,-2.3196582664E+00
+299.5500E-06,-3.0552763492E+00,-2.3196582664E+00
+299.9000E-06,-3.0552763492E+00,-2.3456214152E+00
+300.2500E-06,-3.0552763492E+00,-2.3523215826E+00
+300.6000E-06,-3.0544388283E+00,-2.3590217500E+00
+300.9500E-06,-3.0552763492E+00,-2.3196582664E+00
+301.3000E-06,-3.0552763492E+00,-2.3472964570E+00
+301.6500E-06,-3.0552763492E+00,-2.3389212477E+00
+302.0000E-06,-3.0552763492E+00,-2.3598592710E+00
+302.3500E-06,-3.0552763492E+00,-2.3598592710E+00
+302.7000E-06,-3.0552763492E+00,-2.3590217500E+00
+303.0500E-06,-3.0552763492E+00,-2.3598592710E+00
+303.4000E-06,-3.0552763492E+00,-2.3598592710E+00
+303.7500E-06,-3.0552763492E+00,-2.3196582664E+00
+304.1000E-06,-3.0410384934E+00,-2.3338961222E+00
+304.4500E-06,-3.0552763492E+00,-2.3598592710E+00
+304.8000E-06,-3.0552763492E+00,-2.3598592710E+00
+305.1500E-06,-3.0494137027E+00,-2.3598592710E+00
+305.5000E-06,-3.0552763492E+00,-2.3472964570E+00
+305.8500E-06,-3.0552763492E+00,-2.3598592710E+00
+306.2000E-06,-3.0552763492E+00,-2.3598592710E+00
+306.5500E-06,-3.0552763492E+00,-2.3673969593E+00
+306.9000E-06,-3.0552763492E+00,-2.3213333082E+00
+307.2500E-06,-3.0552763492E+00,-2.3598592710E+00
+307.6000E-06,-3.0427135353E+00,-2.3598592710E+00
+307.9500E-06,-3.0552763492E+00,-2.3598592710E+00
+308.3000E-06,-3.0552763492E+00,-2.3598592710E+00
+308.6500E-06,-3.0552763492E+00,-2.3598592710E+00
+309.0000E-06,-3.0552763492E+00,-2.3606967919E+00
+309.3500E-06,-3.0552763492E+00,-2.4000602756E+00
+309.7000E-06,-3.0552763492E+00,-2.3724220849E+00
+310.0500E-06,-3.0552763492E+00,-2.3598592710E+00
+310.4000E-06,-3.0552763492E+00,-2.3598592710E+00
+310.7500E-06,-3.0552763492E+00,-2.3925225872E+00
+311.1000E-06,-3.0552763492E+00,-2.3992227546E+00
+311.4500E-06,-3.0552763492E+00,-2.3598592710E+00
+311.8000E-06,-3.0552763492E+00,-2.3598592710E+00
+312.1500E-06,-3.0552763492E+00,-2.3598592710E+00
+312.5000E-06,-3.0552763492E+00,-2.4000602756E+00
+312.8500E-06,-3.0552763492E+00,-2.3925225872E+00
+313.2000E-06,-3.0552763492E+00,-2.3606967919E+00
+313.5500E-06,-3.0552763492E+00,-2.3657219175E+00
+313.9000E-06,-3.0552763492E+00,-2.4000602756E+00
+314.2500E-06,-3.0552763492E+00,-2.4000602756E+00
+314.6000E-06,-3.0552763492E+00,-2.4000602756E+00
+314.9500E-06,-3.0552763492E+00,-2.4000602756E+00
+315.3000E-06,-3.0552763492E+00,-2.4000602756E+00
+315.6500E-06,-3.0552763492E+00,-2.4343986337E+00
+316.0000E-06,-3.0427135353E+00,-2.4000602756E+00
+316.3500E-06,-3.0552763492E+00,-2.4209982988E+00
+316.7000E-06,-3.0552763492E+00,-2.4000602756E+00
+317.0500E-06,-3.0552763492E+00,-2.4000602756E+00
+317.4000E-06,-3.0552763492E+00,-2.4000602756E+00
+317.7500E-06,-3.0552763492E+00,-2.4000602756E+00
+318.1000E-06,-3.0552763492E+00,-2.4126230895E+00
+318.4500E-06,-3.0552763492E+00,-2.4193232569E+00
+318.8000E-06,-3.0293132004E+00,-2.4402612802E+00
+319.1500E-06,-3.0552763492E+00,-2.4075979639E+00
+319.5000E-06,-3.0552763492E+00,-2.4402612802E+00
+319.8500E-06,-3.0552763492E+00,-2.4000602756E+00
+320.2000E-06,-3.0552763492E+00,-2.4000602756E+00
+320.5500E-06,-3.0552763492E+00,-2.4209982988E+00
+320.9000E-06,-3.0552763492E+00,-2.4000602756E+00
+321.2500E-06,-3.0552763492E+00,-2.4327235918E+00
+321.6000E-06,-3.0552763492E+00,-2.4402612802E+00
+321.9500E-06,-3.0552763492E+00,-2.4402612802E+00
+322.3000E-06,-3.0427135353E+00,-2.4402612802E+00
+322.6500E-06,-3.0552763492E+00,-2.4209982988E+00
+323.0000E-06,-3.0552763492E+00,-2.4402612802E+00
+323.3500E-06,-3.0552763492E+00,-2.4402612802E+00
+323.7000E-06,-3.0552763492E+00,-2.4394237592E+00
+324.0500E-06,-3.0552763492E+00,-2.4402612802E+00
+324.4000E-06,-3.0552763492E+00,-2.4402612802E+00
+324.7500E-06,-3.0552763492E+00,-2.4402612802E+00
+325.1000E-06,-3.0552763492E+00,-2.4402612802E+00
+325.4500E-06,-3.0552763492E+00,-2.4402612802E+00
+325.8000E-06,-3.0552763492E+00,-2.4402612802E+00
+326.1500E-06,-3.0552763492E+00,-2.4402612802E+00
+326.5000E-06,-3.0552763492E+00,-2.4402612802E+00
+326.8500E-06,-3.0552763492E+00,-2.4402612802E+00
+327.2000E-06,-3.0293132004E+00,-2.4544991360E+00
+327.5500E-06,-3.0552763492E+00,-2.4402612802E+00
+327.9000E-06,-3.0552763492E+00,-2.4804622848E+00
+328.2500E-06,-3.0552763492E+00,-2.4402612802E+00
+328.6000E-06,-3.0552763492E+00,-2.4528240941E+00
+328.9500E-06,-3.0552763492E+00,-2.4595242615E+00
+329.3000E-06,-3.0552763492E+00,-2.4402612802E+00
+329.6500E-06,-3.0552763492E+00,-2.4729245964E+00
+330.0000E-06,-3.0552763492E+00,-2.4410988011E+00
+330.3500E-06,-3.0552763492E+00,-2.4402612802E+00
+330.7000E-06,-3.0552763492E+00,-2.4678994708E+00
+331.0500E-06,-3.0360133678E+00,-2.4804622848E+00
+331.4000E-06,-3.0293132004E+00,-2.4662244290E+00
+331.7500E-06,-3.0552763492E+00,-2.4729245964E+00
+332.1000E-06,-3.0552763492E+00,-2.4804622848E+00
+332.4500E-06,-3.0552763492E+00,-2.4804622848E+00
+332.8000E-06,-3.0552763492E+00,-2.4678994708E+00
+333.1500E-06,-3.0552763492E+00,-2.4804622848E+00
+333.5000E-06,-3.0812394980E+00,-2.4804622848E+00
+333.8500E-06,-3.0552763492E+00,-2.4729245964E+00
+334.2000E-06,-3.0552763492E+00,-2.4804622848E+00
+334.5500E-06,-3.0552763492E+00,-2.4804622848E+00
+334.9000E-06,-3.0552763492E+00,-2.4804622848E+00
+335.2500E-06,-3.0552763492E+00,-2.5014003080E+00
+335.6000E-06,-3.0552763492E+00,-2.4804622848E+00
+335.9500E-06,-3.0226130330E+00,-2.4804622848E+00
+336.3000E-06,-3.0552763492E+00,-2.4410988011E+00
+336.6500E-06,-3.0209379911E+00,-2.4804622848E+00
+337.0000E-06,-3.0552763492E+00,-2.5206632894E+00
+337.3500E-06,-3.0343383260E+00,-2.4804622848E+00
+337.7000E-06,-3.0552763492E+00,-2.4804622848E+00
+338.0500E-06,-3.0552763492E+00,-2.4879999731E+00
+338.4000E-06,-3.0552763492E+00,-2.4812998057E+00
+338.7500E-06,-3.0552763492E+00,-2.4804622848E+00
+339.1000E-06,-3.0552763492E+00,-2.5081004754E+00
+339.4500E-06,-3.0552763492E+00,-2.4997252661E+00
+339.8000E-06,-3.0552763492E+00,-2.5206632894E+00
+340.1500E-06,-3.0552763492E+00,-2.4879999731E+00
+340.5000E-06,-3.0552763492E+00,-2.4812998057E+00
+340.8500E-06,-3.0552763492E+00,-2.5206632894E+00
+341.2000E-06,-3.0552763492E+00,-2.4804622848E+00
+341.5500E-06,-3.0552763492E+00,-2.5206632894E+00
+341.9000E-06,-3.0552763492E+00,-2.5206632894E+00
+342.2500E-06,-3.0552763492E+00,-2.5206632894E+00
+342.6000E-06,-3.0552763492E+00,-2.5206632894E+00
+342.9500E-06,-3.0552763492E+00,-2.5206632894E+00
+343.3000E-06,-3.0552763492E+00,-2.5206632894E+00
+343.6500E-06,-3.0552763492E+00,-2.5206632894E+00
+344.0000E-06,-3.0552763492E+00,-2.5206632894E+00
+344.3500E-06,-3.0552763492E+00,-2.5206632894E+00
+344.7000E-06,-3.0552763492E+00,-2.5206632894E+00
+345.0500E-06,-3.0552763492E+00,-2.5206632894E+00
+345.4000E-06,-3.0552763492E+00,-2.5206632894E+00
+345.7500E-06,-3.0552763492E+00,-2.5206632894E+00
+346.1000E-06,-3.0552763492E+00,-2.5206632894E+00
+346.4500E-06,-3.0477386608E+00,-2.5206632894E+00
+346.8000E-06,-3.0544388282E+00,-2.5206632894E+00
+347.1500E-06,-3.0552763492E+00,-2.4804622848E+00
+347.5000E-06,-3.0552763492E+00,-2.5206632894E+00
+347.8500E-06,-3.0552763492E+00,-2.5206632894E+00
+348.2000E-06,-3.0552763492E+00,-2.5349011452E+00
+348.5500E-06,-3.0552763492E+00,-2.5206632894E+00
+348.9000E-06,-3.0552763492E+00,-2.5206632894E+00
+349.2500E-06,-3.0552763492E+00,-2.5550016475E+00
+349.6000E-06,-3.0552763492E+00,-2.5206632894E+00
+349.9500E-06,-3.0552763492E+00,-2.5608642939E+00
+350.3000E-06,-3.0552763492E+00,-2.5349011452E+00
+350.6500E-06,-3.0552763492E+00,-2.5608642939E+00
+351.0000E-06,-3.0552763492E+00,-2.5215008103E+00
+351.3500E-06,-3.0552763492E+00,-2.5550016475E+00
+351.7000E-06,-3.0552763492E+00,-2.5608642939E+00
+352.0500E-06,-3.0552763492E+00,-2.5608642939E+00
+352.4000E-06,-3.0552763492E+00,-2.5608642939E+00
+352.7500E-06,-3.0552763492E+00,-2.5533266056E+00
+353.1000E-06,-3.0552763492E+00,-2.5608642939E+00
+353.4500E-06,-3.0552763492E+00,-2.5608642939E+00
+353.8000E-06,-3.0552763492E+00,-2.5332261033E+00
+354.1500E-06,-3.0552763492E+00,-2.5608642939E+00
+354.5000E-06,-3.0552763492E+00,-2.5349011452E+00
+354.8500E-06,-3.0552763492E+00,-2.5608642939E+00
+355.2000E-06,-3.0552763492E+00,-2.5608642939E+00
+355.5500E-06,-3.0552763492E+00,-2.5550016475E+00
+355.9000E-06,-3.0552763492E+00,-2.5608642939E+00
+356.2500E-06,-3.0552763492E+00,-2.5608642939E+00
+356.6000E-06,-3.0552763492E+00,-2.5608642939E+00
+356.9500E-06,-3.0552763492E+00,-2.5608642939E+00
+357.3000E-06,-3.0552763492E+00,-2.5608642939E+00
+357.6500E-06,-3.0552763492E+00,-2.5608642939E+00
+358.0000E-06,-3.0829145399E+00,-2.5608642939E+00
+358.3500E-06,-3.0552763492E+00,-2.5608642939E+00
+358.7000E-06,-3.0552763492E+00,-2.5608642939E+00
+359.0500E-06,-3.0552763492E+00,-2.5608642939E+00
+359.4000E-06,-3.0552763492E+00,-2.5608642939E+00
+359.7500E-06,-3.0552763492E+00,-2.5667269404E+00
+360.1000E-06,-3.0552763492E+00,-2.5734271079E+00
+360.4500E-06,-3.0343383259E+00,-2.5801272753E+00
+360.8000E-06,-3.0552763492E+00,-2.5868274427E+00
+361.1500E-06,-3.0552763492E+00,-2.5608642939E+00
+361.5000E-06,-3.0552763492E+00,-2.5608642939E+00
+361.8500E-06,-3.0611389957E+00,-2.5608642939E+00
+362.2000E-06,-3.0552763492E+00,-2.5608642939E+00
+362.5500E-06,-3.0343383259E+00,-2.5818023172E+00
+362.9000E-06,-3.0552763492E+00,-2.5751021498E+00
+363.2500E-06,-3.0552763492E+00,-2.6010652985E+00
+363.6000E-06,-3.0552763492E+00,-2.5617018149E+00
+363.9500E-06,-3.0552763492E+00,-2.5667269404E+00
+364.3000E-06,-3.0552763492E+00,-2.6010652985E+00
+364.6500E-06,-3.0552763492E+00,-2.5818023172E+00
+365.0000E-06,-3.0552763492E+00,-2.5608642939E+00
+365.3500E-06,-3.0552763492E+00,-2.6010652985E+00
+365.7000E-06,-3.0552763492E+00,-2.6010652985E+00
+366.0500E-06,-3.0552763492E+00,-2.6010652985E+00
+366.4000E-06,-3.0552763492E+00,-2.5885024846E+00
+366.7500E-06,-3.0552763492E+00,-2.6010652985E+00
+367.1000E-06,-3.0812394980E+00,-2.6010652985E+00
+367.4500E-06,-3.0552763492E+00,-2.6010652985E+00
+367.8000E-06,-3.0552763492E+00,-2.6010652985E+00
+368.1500E-06,-3.0552763492E+00,-2.5952026521E+00
+368.5000E-06,-3.0829145399E+00,-2.6010652985E+00
+368.8500E-06,-3.0552763492E+00,-2.5801272753E+00
+369.2000E-06,-3.0552763492E+00,-2.6270284473E+00
+369.5500E-06,-3.0552763492E+00,-2.6010652985E+00
+369.9000E-06,-3.0552763492E+00,-2.6010652985E+00
+370.2500E-06,-3.0552763492E+00,-2.6069279450E+00
+370.6000E-06,-3.0552763492E+00,-2.6010652985E+00
+370.9500E-06,-3.0343383259E+00,-2.6010652985E+00
+371.3000E-06,-3.0552763492E+00,-2.6010652985E+00
+371.6500E-06,-3.0552763492E+00,-2.6010652985E+00
+372.0000E-06,-3.0552763492E+00,-2.6010652985E+00
+372.3500E-06,-3.0552763492E+00,-2.6010652985E+00
+372.7000E-06,-3.0552763492E+00,-2.6010652985E+00
+373.0500E-06,-3.0552763492E+00,-2.6010652985E+00
+373.4000E-06,-3.0552763492E+00,-2.6153031544E+00
+373.7500E-06,-3.0552763492E+00,-2.6010652985E+00
+374.1000E-06,-3.0552763492E+00,-2.6010652985E+00
+374.4500E-06,-3.0552763492E+00,-2.6069279450E+00
+374.8000E-06,-3.0552763492E+00,-2.6010652985E+00
+375.1500E-06,-3.0552763492E+00,-2.6203282799E+00
+375.5000E-06,-3.0552763492E+00,-2.6010652985E+00
+375.8500E-06,-3.0552763492E+00,-2.6086029869E+00
+376.2000E-06,-3.0552763492E+00,-2.6010652985E+00
+376.5500E-06,-3.0552763492E+00,-2.6354036566E+00
+376.9000E-06,-3.0552763492E+00,-2.6412663031E+00
+377.2500E-06,-3.0552763492E+00,-2.6220033218E+00
+377.6000E-06,-3.0552763492E+00,-2.6412663031E+00
+377.9500E-06,-3.0552763492E+00,-2.6337286148E+00
+378.3000E-06,-3.0552763492E+00,-2.6412663031E+00
+378.6500E-06,-3.0552763492E+00,-2.6354036567E+00
+379.0000E-06,-3.0552763492E+00,-2.6136281125E+00
+379.3500E-06,-3.0360133678E+00,-2.6412663031E+00
+379.7000E-06,-3.0410384934E+00,-2.6412663031E+00
+380.0500E-06,-3.0552763492E+00,-2.6412663031E+00
+380.4000E-06,-3.0159128655E+00,-2.6019028195E+00
+380.7500E-06,-3.0552763492E+00,-2.6354036567E+00
+381.1000E-06,-3.0552763492E+00,-2.6412663031E+00
+381.4500E-06,-3.0552763492E+00,-2.6203282799E+00
+381.8000E-06,-3.0552763492E+00,-2.6412663031E+00
+382.1500E-06,-3.0552763492E+00,-2.6412663031E+00
+382.5000E-06,-3.0552763492E+00,-2.6412663031E+00
+382.8500E-06,-3.0552763492E+00,-2.6412663031E+00
+383.2000E-06,-3.0552763492E+00,-2.6412663031E+00
+383.5500E-06,-3.0552763492E+00,-2.6412663031E+00
+383.9000E-06,-3.0410384934E+00,-2.6412663031E+00
+384.2500E-06,-3.0552763492E+00,-2.6412663031E+00
+384.6000E-06,-3.0552763492E+00,-2.6412663031E+00
+384.9500E-06,-3.0552763492E+00,-2.6412663031E+00
+385.3000E-06,-3.0552763492E+00,-2.6412663031E+00
+385.6500E-06,-3.0552763492E+00,-2.6412663031E+00
+386.0000E-06,-3.0552763492E+00,-2.6412663031E+00
+386.3500E-06,-3.0552763492E+00,-2.6412663031E+00
+386.7000E-06,-3.0544388282E+00,-2.6412663031E+00
+387.0500E-06,-3.0552763492E+00,-2.6412663031E+00
+387.4000E-06,-3.0552763492E+00,-2.6412663031E+00
+387.7500E-06,-3.0552763492E+00,-2.6412663031E+00
+388.1000E-06,-3.0552763492E+00,-2.6412663031E+00
+388.4500E-06,-3.0552763492E+00,-2.6739296194E+00
+388.8000E-06,-3.0552763492E+00,-2.6412663031E+00
+389.1500E-06,-3.0552763492E+00,-2.6471289496E+00
+389.5000E-06,-3.0552763492E+00,-2.6689044938E+00
+389.8500E-06,-3.0552763492E+00,-2.6412663031E+00
+390.2000E-06,-3.0410384934E+00,-2.6672294519E+00
+390.5500E-06,-3.0552763492E+00,-2.6739296194E+00
+390.9000E-06,-3.0552763492E+00,-2.6421038241E+00
+391.2500E-06,-3.0552763492E+00,-2.6412663031E+00
+391.6000E-06,-3.0552763492E+00,-2.6538291171E+00
+391.9500E-06,-3.0552763492E+00,-2.6605292845E+00
+392.3000E-06,-3.0552763492E+00,-2.6672294519E+00
+392.6500E-06,-3.0552763492E+00,-2.6739296194E+00
+393.0000E-06,-3.0552763492E+00,-2.6814673077E+00
+393.3500E-06,-3.0209379911E+00,-2.6814673077E+00
+393.7000E-06,-3.0552763492E+00,-2.6538291171E+00
+394.0500E-06,-3.0552763492E+00,-2.6605292845E+00
+394.4000E-06,-3.0552763492E+00,-2.6814673077E+00
+394.7500E-06,-3.0226130330E+00,-2.6814673077E+00
+395.1000E-06,-3.0552763492E+00,-2.6806297868E+00
+395.4500E-06,-3.0552763492E+00,-2.6814673077E+00
+395.8000E-06,-3.0552763492E+00,-2.6814673077E+00
+396.1500E-06,-3.0552763492E+00,-2.6814673077E+00
+396.5000E-06,-3.0293132004E+00,-2.6814673077E+00
+396.8500E-06,-3.0552763492E+00,-2.6814673077E+00
+397.2000E-06,-3.0552763492E+00,-2.6814673077E+00
+397.5500E-06,-3.0552763492E+00,-2.6814673077E+00
+397.9000E-06,-3.0552763492E+00,-2.6814673077E+00
+398.2500E-06,-3.0552763492E+00,-2.6814673077E+00
+398.6000E-06,-3.0552763492E+00,-2.6814673077E+00
+398.9500E-06,-3.0552763492E+00,-2.6739296193E+00
+399.3000E-06,-3.0552763492E+00,-2.6814673077E+00
+399.6500E-06,-3.0552763492E+00,-2.6873299542E+00
+400.0000E-06,-3.0427135353E+00,-2.6814673077E+00
+400.3500E-06,-3.0552763492E+00,-2.6814673077E+00
+400.7000E-06,-3.0552763492E+00,-2.6814673077E+00
+401.0500E-06,-3.0552763492E+00,-2.6814673077E+00
+401.4000E-06,-3.0552763492E+00,-2.6814673077E+00
+401.7500E-06,-3.0552763492E+00,-2.6814673077E+00
+402.1000E-06,-3.0276381585E+00,-2.6814673077E+00
+402.4500E-06,-3.0552763492E+00,-2.6814673077E+00
+402.8000E-06,-3.0552763492E+00,-2.6957051635E+00
+403.1500E-06,-3.0552763492E+00,-2.6814673077E+00
+403.5000E-06,-3.0552763492E+00,-2.6814673077E+00
+403.8500E-06,-3.0552763492E+00,-2.6814673077E+00
+404.2000E-06,-3.0552763492E+00,-2.6940301216E+00
+404.5500E-06,-3.0552763492E+00,-2.6814673077E+00
+404.9000E-06,-3.0552763492E+00,-2.6957051635E+00
+405.2500E-06,-3.0552763492E+00,-2.6814673077E+00
+405.6000E-06,-3.0552763492E+00,-2.7208307914E+00
+405.9500E-06,-3.0552763492E+00,-2.7158056658E+00
+406.3000E-06,-3.0552763492E+00,-2.6814673077E+00
+406.6500E-06,-3.0552763492E+00,-2.6814673077E+00
+407.0000E-06,-3.0552763492E+00,-2.6814673077E+00
+407.3500E-06,-3.0552763492E+00,-2.7216683123E+00
+407.7000E-06,-3.0544388282E+00,-2.6814673077E+00
+408.0500E-06,-3.0552763492E+00,-2.6814673077E+00
+408.4000E-06,-3.0552763492E+00,-2.7216683123E+00
+408.7500E-06,-3.0552763492E+00,-2.7216683123E+00
+409.1000E-06,-3.0552763492E+00,-2.6814673077E+00
+409.4500E-06,-3.0552763492E+00,-2.7141306239E+00
+409.8000E-06,-3.0552763492E+00,-2.6823048287E+00
+410.1500E-06,-3.0552763492E+00,-2.6814673077E+00
+410.5000E-06,-3.0552763492E+00,-2.7091054984E+00
+410.8500E-06,-3.0552763492E+00,-2.7216683123E+00
+411.2000E-06,-3.0552763492E+00,-2.6814673077E+00
+411.5500E-06,-3.0477386608E+00,-2.7141306239E+00
+411.9000E-06,-3.0552763492E+00,-2.7208307914E+00
+412.2500E-06,-3.0552763492E+00,-2.6873299542E+00
+412.6000E-06,-3.0427135353E+00,-2.7216683123E+00
+412.9500E-06,-3.0552763492E+00,-2.7216683123E+00
+413.3000E-06,-3.0552763492E+00,-2.7216683123E+00
+413.6500E-06,-3.0552763492E+00,-2.7216683123E+00
+414.0000E-06,-3.0552763492E+00,-2.7216683123E+00
+414.3500E-06,-3.0494137027E+00,-2.6873299542E+00
+414.7000E-06,-3.0552763492E+00,-2.7216683123E+00
+415.0500E-06,-3.0552763492E+00,-2.7007302891E+00
+415.4000E-06,-3.0552763492E+00,-2.7216683123E+00
+415.7500E-06,-3.0552763492E+00,-2.7216683123E+00
+416.1000E-06,-3.0552763492E+00,-2.7610317960E+00
+416.4500E-06,-3.0552763492E+00,-2.7216683123E+00
+416.8000E-06,-3.0552763492E+00,-2.7216683123E+00
+417.1500E-06,-3.0552763492E+00,-2.7216683123E+00
+417.5000E-06,-3.0552763492E+00,-2.7476314611E+00
+417.8500E-06,-3.0552763492E+00,-2.7216683123E+00
+418.2000E-06,-3.0544388282E+00,-2.7216683123E+00
+418.5500E-06,-3.0552763492E+00,-2.7216683123E+00
+418.9000E-06,-3.0552763492E+00,-2.7216683123E+00
+419.2500E-06,-3.0552763492E+00,-2.7216683123E+00
+419.6000E-06,-3.0552763492E+00,-2.7216683123E+00
+419.9500E-06,-3.0552763492E+00,-2.7216683123E+00
+420.3000E-06,-3.0552763492E+00,-2.7225058333E+00
+420.6500E-06,-3.0552763492E+00,-2.7216683123E+00
+421.0000E-06,-3.0552763492E+00,-2.7493065030E+00
+421.3500E-06,-3.0552763492E+00,-2.7216683123E+00
+421.7000E-06,-3.0552763492E+00,-2.7216683123E+00
+422.0500E-06,-3.0552763492E+00,-2.7216683123E+00
+422.4000E-06,-3.0159128655E+00,-2.7216683123E+00
+422.7500E-06,-3.0552763492E+00,-2.7560066704E+00
+423.1000E-06,-3.0678391631E+00,-2.7216683123E+00
+423.4500E-06,-3.0552763492E+00,-2.7216683123E+00
+423.8000E-06,-3.0552763492E+00,-2.7216683123E+00
+424.1500E-06,-3.0552763492E+00,-2.7216683123E+00
+424.5000E-06,-3.0552763492E+00,-2.7216683123E+00
+424.8500E-06,-3.0552763492E+00,-2.7216683123E+00
+425.2000E-06,-3.0552763492E+00,-2.7493065030E+00
+425.5500E-06,-3.0552763492E+00,-2.7216683123E+00
+425.9000E-06,-3.0552763492E+00,-2.7476314611E+00
+426.2500E-06,-3.0552763492E+00,-2.7618693169E+00
+426.6000E-06,-3.0552763492E+00,-2.7216683123E+00
+426.9500E-06,-3.0552763492E+00,-2.7275309588E+00
+427.3000E-06,-3.0276381585E+00,-2.7342311262E+00
+427.6500E-06,-3.0360133678E+00,-2.7409312937E+00
+428.0000E-06,-3.0552763492E+00,-2.7618693169E+00
+428.3500E-06,-3.0552763492E+00,-2.7543316285E+00
+428.7000E-06,-3.0552763492E+00,-2.7216683123E+00
+429.0500E-06,-3.0552763492E+00,-2.7216683123E+00
+429.4000E-06,-3.0552763492E+00,-2.7216683123E+00
+429.7500E-06,-3.0552763492E+00,-2.7216683123E+00
+430.1000E-06,-3.0552763492E+00,-2.7359061681E+00
+430.4500E-06,-3.0552763492E+00,-2.7618693169E+00
+430.8000E-06,-3.0552763492E+00,-2.7618693169E+00
+431.1500E-06,-3.0552763492E+00,-2.7275309588E+00
+431.5000E-06,-3.0552763492E+00,-2.7618693169E+00
+431.8500E-06,-3.0552763492E+00,-2.7618693169E+00
+432.2000E-06,-3.0552763492E+00,-2.7618693169E+00
+432.5500E-06,-3.0552763492E+00,-2.7618693169E+00
+432.9000E-06,-3.0552763492E+00,-2.7618693169E+00
+433.2500E-06,-3.0552763492E+00,-2.7618693169E+00
+433.6000E-06,-3.0552763492E+00,-2.7618693169E+00
+433.9500E-06,-3.0552763492E+00,-2.7409312937E+00
+434.3000E-06,-3.0552763492E+00,-2.7618693169E+00
+434.6500E-06,-3.0552763492E+00,-2.7618693169E+00
+435.0000E-06,-3.0552763492E+00,-2.7627068379E+00
+435.3500E-06,-3.0494137027E+00,-2.7618693169E+00
+435.7000E-06,-3.0427135353E+00,-2.7618693169E+00
+436.0500E-06,-3.0552763492E+00,-2.7618693169E+00
+436.4000E-06,-3.0552763492E+00,-2.7618693169E+00
+436.7500E-06,-3.0552763492E+00,-2.7618693169E+00
+437.1000E-06,-3.0552763492E+00,-2.7618693169E+00
+437.4500E-06,-3.0552763492E+00,-2.7618693169E+00
+437.8000E-06,-3.0552763492E+00,-2.7618693169E+00
+438.1500E-06,-3.0552763492E+00,-2.7618693169E+00
+438.5000E-06,-3.0552763492E+00,-2.7618693169E+00
+438.8500E-06,-3.0552763492E+00,-2.7618693169E+00
+439.2000E-06,-3.0552763492E+00,-2.7618693169E+00
+439.5500E-06,-3.0552763492E+00,-2.7677319634E+00
+439.9000E-06,-3.0552763492E+00,-2.7618693169E+00
+440.2500E-06,-3.0343383259E+00,-2.7618693169E+00
+440.6000E-06,-3.0293132004E+00,-2.7618693169E+00
+440.9500E-06,-3.0552763492E+00,-2.7618693169E+00
+441.3000E-06,-3.0552763492E+00,-2.7618693169E+00
+441.6500E-06,-3.0494137027E+00,-2.7677319634E+00
+442.0000E-06,-3.0552763492E+00,-2.7618693169E+00
+442.3500E-06,-3.0552763492E+00,-2.7618693169E+00
+442.7000E-06,-3.0552763492E+00,-2.7618693169E+00
+443.0500E-06,-3.0552763492E+00,-2.7618693169E+00
+443.4000E-06,-3.0544388282E+00,-2.7618693169E+00
+443.7500E-06,-3.0552763492E+00,-2.7618693169E+00
+444.1000E-06,-3.0552763492E+00,-2.7618693169E+00
+444.4500E-06,-3.0552763492E+00,-2.7828073402E+00
+444.8000E-06,-3.0552763492E+00,-2.7878324657E+00
+445.1500E-06,-3.0552763492E+00,-2.7694070053E+00
+445.5000E-06,-3.0552763492E+00,-2.7618693169E+00
+445.8500E-06,-3.0552763492E+00,-2.7618693169E+00
+446.2000E-06,-3.0552763492E+00,-2.7744321308E+00
+446.5500E-06,-3.0552763492E+00,-2.7828073402E+00
+446.9000E-06,-3.0552763492E+00,-2.7618693169E+00
+447.2500E-06,-3.0552763492E+00,-2.7618693169E+00
+447.6000E-06,-3.0552763492E+00,-2.7627068379E+00
+447.9500E-06,-3.0552763492E+00,-2.7618693169E+00
+448.3000E-06,-3.0552763492E+00,-2.7618693169E+00
+448.6500E-06,-3.0552763492E+00,-2.7618693169E+00
+449.0000E-06,-3.0552763492E+00,-2.7878324657E+00
+449.3500E-06,-3.0226130330E+00,-2.7618693169E+00
+449.7000E-06,-3.0552763492E+00,-2.7627068379E+00
+450.0500E-06,-3.0552763492E+00,-2.7677319634E+00
+450.4000E-06,-3.0552763492E+00,-2.7618693169E+00
+450.7500E-06,-3.0552763492E+00,-2.8020703215E+00
+451.1000E-06,-3.0552763492E+00,-2.8020703215E+00
+451.4500E-06,-3.0552763492E+00,-2.8020703215E+00
+451.8000E-06,-3.0552763492E+00,-2.8020703215E+00
+452.1500E-06,-3.0552763492E+00,-2.7962076750E+00
+452.5000E-06,-3.0552763492E+00,-2.8020703215E+00
+452.8500E-06,-3.0343383259E+00,-2.7811322983E+00
+453.2000E-06,-3.0552763492E+00,-2.8020703215E+00
+453.5500E-06,-3.0552763492E+00,-2.8020703215E+00
+453.9000E-06,-3.0552763492E+00,-2.7627068379E+00
+454.2500E-06,-3.0552763492E+00,-2.8020703215E+00
+454.6000E-06,-3.0552763492E+00,-2.7895075076E+00
+454.9500E-06,-3.0552763492E+00,-2.8020703215E+00
+455.3000E-06,-3.0552763492E+00,-2.8020703215E+00
+455.6500E-06,-3.0552763492E+00,-2.8020703215E+00
+456.0000E-06,-3.0552763492E+00,-2.8020703215E+00
+456.3500E-06,-3.0552763492E+00,-2.8020703215E+00
+456.7000E-06,-3.0552763492E+00,-2.8020703215E+00
+457.0500E-06,-3.0552763492E+00,-2.8020703215E+00
+457.4000E-06,-3.0293132004E+00,-2.8020703215E+00
+457.7500E-06,-3.0552763492E+00,-2.8020703215E+00
+458.1000E-06,-3.0552763492E+00,-2.8020703215E+00
+458.4500E-06,-3.0552763492E+00,-2.8020703215E+00
+458.8000E-06,-3.0552763492E+00,-2.8020703215E+00
+459.1500E-06,-3.0552763492E+00,-2.8020703215E+00
+459.5000E-06,-3.0552763492E+00,-2.8020703215E+00
+459.8500E-06,-3.0552763492E+00,-2.8020703215E+00
+460.2000E-06,-3.0552763492E+00,-2.8020703215E+00
+460.5500E-06,-3.0494137027E+00,-2.8020703215E+00
+460.9000E-06,-3.0552763492E+00,-2.8020703215E+00
+461.2500E-06,-3.0552763492E+00,-2.8020703215E+00
+461.6000E-06,-3.0552763492E+00,-2.8020703215E+00
+461.9500E-06,-3.0552763492E+00,-2.8020703215E+00
+462.3000E-06,-3.0552763492E+00,-2.7618693169E+00
+462.6500E-06,-3.0552763492E+00,-2.8020703215E+00
+463.0000E-06,-3.0552763492E+00,-2.8020703215E+00
+463.3500E-06,-3.0552763492E+00,-2.8020703215E+00
+463.7000E-06,-3.0552763492E+00,-2.8020703215E+00
+464.0500E-06,-3.0552763492E+00,-2.8020703215E+00
+464.4000E-06,-3.0552763492E+00,-2.8414338051E+00
+464.7500E-06,-3.0552763492E+00,-2.8020703215E+00
+465.1000E-06,-3.0552763492E+00,-2.8020703215E+00
+465.4500E-06,-3.0552763492E+00,-2.8020703215E+00
+465.8000E-06,-3.0552763492E+00,-2.8020703215E+00
+466.1500E-06,-3.0552763492E+00,-2.8020703215E+00
+466.5000E-06,-3.0946398328E+00,-2.8020703215E+00
+466.8500E-06,-3.0552763492E+00,-2.8020703215E+00
+467.2000E-06,-3.0552763492E+00,-2.8146331354E+00
+467.5500E-06,-3.0552763492E+00,-2.8020703215E+00
+467.9000E-06,-3.0552763492E+00,-2.8020703215E+00
+468.2500E-06,-3.0552763492E+00,-2.8020703215E+00
+468.6000E-06,-3.0552763492E+00,-2.8020703215E+00
+468.9500E-06,-3.0552763492E+00,-2.8020703215E+00
+469.3000E-06,-3.0552763492E+00,-2.8020703215E+00
+469.6500E-06,-3.0552763492E+00,-2.8213333029E+00
+470.0000E-06,-3.0552763492E+00,-2.8020703215E+00
+470.3500E-06,-3.0552763492E+00,-2.8020703215E+00
+470.7000E-06,-3.0552763492E+00,-2.8020703215E+00
+471.0500E-06,-3.0552763492E+00,-2.8020703215E+00
+471.4000E-06,-3.0552763492E+00,-2.8146331354E+00
+471.7500E-06,-3.0552763492E+00,-2.8020703215E+00
+472.1000E-06,-3.0552763492E+00,-2.8020703215E+00
+472.4500E-06,-3.0552763492E+00,-2.8020703215E+00
+472.8000E-06,-3.0552763492E+00,-2.8422713261E+00
+473.1500E-06,-3.0552763492E+00,-2.8079329680E+00
+473.5000E-06,-3.0552763492E+00,-2.8146331354E+00
+473.8500E-06,-3.0552763492E+00,-2.8213333028E+00
+474.2000E-06,-3.0552763492E+00,-2.8280334703E+00
+474.5500E-06,-3.0552763492E+00,-2.8347336377E+00
+474.9000E-06,-3.0544388282E+00,-2.8029078425E+00
+475.2500E-06,-3.0552763492E+00,-2.8020703215E+00
+475.6000E-06,-3.0552763492E+00,-2.8297085122E+00
+475.9500E-06,-3.0552763492E+00,-2.8020703215E+00
+476.3000E-06,-3.0410384934E+00,-2.8020703215E+00
+476.6500E-06,-3.0552763492E+00,-2.8020703215E+00
+477.0000E-06,-3.0552763492E+00,-2.8422713261E+00
+477.3500E-06,-3.0552763492E+00,-2.8079329680E+00
+477.7000E-06,-3.0552763492E+00,-2.8020703215E+00
+478.0500E-06,-3.0552763492E+00,-2.8230083448E+00
+478.4000E-06,-3.0552763492E+00,-2.8422713261E+00
+478.7500E-06,-3.0552763492E+00,-2.8422713261E+00
+479.1000E-06,-3.0544388282E+00,-2.8020703215E+00
+479.4500E-06,-3.0552763492E+00,-2.8364086796E+00
+479.8000E-06,-3.0552763492E+00,-2.8422713261E+00
+480.1500E-06,-3.0552763492E+00,-2.8020703215E+00
+480.5000E-06,-3.0552763492E+00,-2.8280334703E+00
+480.8500E-06,-3.0552763492E+00,-2.8422713261E+00
+481.2000E-06,-3.0159128656E+00,-2.8422713261E+00
+481.5500E-06,-3.0552763492E+00,-2.8364086796E+00
+481.9000E-06,-3.0552763492E+00,-2.8422713261E+00
+482.2500E-06,-3.0552763492E+00,-2.8422713261E+00
+482.6000E-06,-3.0552763492E+00,-2.8422713261E+00
+482.9500E-06,-3.0552763492E+00,-2.8096080099E+00
+483.3000E-06,-3.0552763492E+00,-2.8414338051E+00
+483.6500E-06,-3.0552763492E+00,-2.8422713261E+00
+484.0000E-06,-3.0552763492E+00,-2.8422713261E+00
+484.3500E-06,-3.0552763492E+00,-2.8422713261E+00
+484.7000E-06,-3.0695142050E+00,-2.8422713261E+00
+485.0500E-06,-3.0552763492E+00,-2.8422713261E+00
+485.4000E-06,-3.0552763492E+00,-2.8422713261E+00
+485.7500E-06,-3.0552763492E+00,-2.8422713261E+00
+486.1000E-06,-3.0552763492E+00,-2.8297085122E+00
+486.4500E-06,-3.0552763492E+00,-2.8422713261E+00
+486.8000E-06,-3.0552763492E+00,-2.8422713261E+00
+487.1500E-06,-3.0552763492E+00,-2.8422713261E+00
+487.5000E-06,-3.0552763492E+00,-2.8029078425E+00
+487.8500E-06,-3.0552763492E+00,-2.8422713261E+00
+488.2000E-06,-3.0552763492E+00,-2.8422713261E+00
+488.5500E-06,-3.0552763492E+00,-2.8422713261E+00
+488.9000E-06,-3.0552763492E+00,-2.8422713261E+00
+489.2500E-06,-3.0552763492E+00,-2.8422713261E+00
+489.6000E-06,-3.0954773538E+00,-2.8422713261E+00
+489.9500E-06,-3.0552763492E+00,-2.8422713261E+00
+490.3000E-06,-3.0552763492E+00,-2.8422713261E+00
+490.6500E-06,-3.0552763492E+00,-2.8422713261E+00
+491.0000E-06,-3.0552763492E+00,-2.8422713261E+00
+491.3500E-06,-3.0552763492E+00,-2.8422713261E+00
+491.7000E-06,-3.0552763492E+00,-2.8422713261E+00
+492.0500E-06,-3.0552763492E+00,-2.8422713261E+00
+492.4000E-06,-3.0552763492E+00,-2.8422713261E+00
+492.7500E-06,-3.0552763492E+00,-2.8422713261E+00
+493.1000E-06,-3.0552763492E+00,-2.8682344749E+00
+493.4500E-06,-3.0552763492E+00,-2.8422713261E+00
+493.8000E-06,-3.0552763492E+00,-2.8422713261E+00
+494.1500E-06,-3.0552763492E+00,-2.8422713261E+00
+494.5000E-06,-3.0552763492E+00,-2.8422713261E+00
+494.8500E-06,-3.0343383259E+00,-2.8422713261E+00
+495.2000E-06,-3.0552763492E+00,-2.8422713261E+00
+495.5500E-06,-3.0552763492E+00,-2.8422713261E+00
+495.9000E-06,-3.0552763492E+00,-2.8422713261E+00
+496.2500E-06,-3.0552763492E+00,-2.8422713261E+00
+496.6000E-06,-3.0552763492E+00,-2.8422713261E+00
+496.9500E-06,-3.0552763492E+00,-2.8422713261E+00
+497.3000E-06,-3.0552763492E+00,-2.8824723307E+00
+497.6500E-06,-3.0552763492E+00,-2.8422713261E+00
+498.0000E-06,-3.0552763492E+00,-2.8422713261E+00
+498.3500E-06,-3.0552763492E+00,-2.8422713261E+00
+498.7000E-06,-3.0552763492E+00,-2.8422713261E+00
+499.0500E-06,-3.0552763492E+00,-2.8422713261E+00
+499.4000E-06,-3.0552763492E+00,-2.8422713261E+00
+499.7500E-06,-3.0552763492E+00,-2.8422713261E+00
+500.1000E-06,-3.0552763492E+00,-2.8422713261E+00
+500.4500E-06,-3.0552763492E+00,-2.8422713261E+00
+500.8000E-06,-3.0552763492E+00,-2.8422713261E+00
+501.1500E-06,-3.0552763492E+00,-2.8422713261E+00
+501.5000E-06,-3.0552763492E+00,-2.8422713261E+00
+501.8500E-06,-3.0552763492E+00,-2.8422713261E+00
+502.2000E-06,-3.0552763492E+00,-2.8422713261E+00
+502.5500E-06,-3.0552763492E+00,-2.8766096842E+00
+502.9000E-06,-3.0552763492E+00,-2.8422713261E+00
+503.2500E-06,-3.0552763492E+00,-2.8615343074E+00
+503.6000E-06,-3.0552763492E+00,-2.8422713261E+00
+503.9500E-06,-3.0552763492E+00,-2.8749346423E+00
+504.3000E-06,-3.0552763492E+00,-2.8422713261E+00
+504.6500E-06,-3.0552763492E+00,-2.8422713261E+00
+505.0000E-06,-3.0552763492E+00,-2.8422713261E+00
+505.3500E-06,-3.0552763492E+00,-2.8632093494E+00
+505.7000E-06,-3.0552763492E+00,-2.8565091819E+00
+506.0500E-06,-3.0552763492E+00,-2.8422713261E+00
+506.4000E-06,-3.0544388282E+00,-2.8422713261E+00
+506.7500E-06,-3.0552763492E+00,-2.8422713261E+00
+507.1000E-06,-3.0552763492E+00,-2.8824723307E+00
+507.4500E-06,-3.0552763492E+00,-2.8632093494E+00
+507.8000E-06,-3.0552763492E+00,-2.8422713261E+00
+508.1500E-06,-3.0552763492E+00,-2.8422713261E+00
+508.5000E-06,-3.0552763492E+00,-2.8816348097E+00
+508.8500E-06,-3.0552763492E+00,-2.8422713261E+00
+509.2000E-06,-3.0552763492E+00,-2.8699095168E+00
+509.5500E-06,-3.0552763492E+00,-2.8422713261E+00
+509.9000E-06,-3.0552763492E+00,-2.8682344749E+00
+510.2500E-06,-3.0552763492E+00,-2.8422713261E+00
+510.6000E-06,-3.0159128656E+00,-2.8431088471E+00
+510.9500E-06,-3.0552763492E+00,-2.8481339726E+00
+511.3000E-06,-3.0552763492E+00,-2.8548341400E+00
+511.6500E-06,-3.0343383259E+00,-2.8632093494E+00
+512.0000E-06,-3.0552763492E+00,-2.8824723307E+00
+512.3500E-06,-3.0552763492E+00,-2.8498090145E+00
+512.7000E-06,-3.0552763492E+00,-2.8816348097E+00
+513.0500E-06,-3.0552763492E+00,-2.8824723307E+00
+513.4000E-06,-3.0276381585E+00,-2.8548341400E+00
+513.7500E-06,-3.0552763492E+00,-2.8632093494E+00
+514.1000E-06,-3.0552763492E+00,-2.8824723307E+00
+514.4500E-06,-3.0552763492E+00,-2.8749346423E+00
+514.8000E-06,-3.0552763492E+00,-2.8431088471E+00
+515.1500E-06,-3.0552763492E+00,-2.8766096842E+00
+515.5000E-06,-3.0552763492E+00,-2.8548341400E+00
+515.8500E-06,-3.0552763492E+00,-2.8824723307E+00
+516.2000E-06,-3.0552763492E+00,-2.8565091819E+00
+516.5500E-06,-3.0552763492E+00,-2.8498090145E+00
+516.9000E-06,-3.0552763492E+00,-2.8824723307E+00
+517.2500E-06,-3.0494137027E+00,-2.8824723307E+00
+517.6000E-06,-3.0552763492E+00,-2.8699095168E+00
+517.9500E-06,-3.0552763492E+00,-2.8632093494E+00
+518.3000E-06,-3.0552763492E+00,-2.8565091819E+00
+518.6500E-06,-3.0552763492E+00,-2.8749346423E+00
+519.0000E-06,-3.0552763492E+00,-2.8816348097E+00
+519.3500E-06,-3.0552763492E+00,-2.8766096842E+00
+519.7000E-06,-3.0678391631E+00,-2.8824723307E+00
+520.0500E-06,-3.0552763492E+00,-2.8632093494E+00
+520.4000E-06,-3.0552763492E+00,-2.8824723307E+00
+520.7500E-06,-3.0552763492E+00,-2.8824723307E+00
+521.1000E-06,-3.0552763492E+00,-2.8824723307E+00
+521.4500E-06,-3.0552763492E+00,-2.8824723307E+00
+521.8000E-06,-3.0552763492E+00,-2.8824723307E+00
+522.1500E-06,-3.0552763492E+00,-2.8824723307E+00
+522.5000E-06,-3.0552763492E+00,-2.8824723307E+00
+522.8500E-06,-3.0552763492E+00,-2.8749346423E+00
+523.2000E-06,-3.0552763492E+00,-2.8824723307E+00
+523.5500E-06,-3.0552763492E+00,-2.8766096842E+00
+523.9000E-06,-3.0552763492E+00,-2.8824723307E+00
+524.2500E-06,-3.0552763492E+00,-2.8615343074E+00
+524.6000E-06,-3.0552763492E+00,-2.8824723307E+00
+524.9500E-06,-3.0552763492E+00,-2.8824723307E+00
+525.3000E-06,-3.0552763492E+00,-2.8824723307E+00
+525.6500E-06,-3.0611389956E+00,-2.8824723307E+00
+526.0000E-06,-3.0552763492E+00,-2.8824723307E+00
+526.3500E-06,-3.0360133679E+00,-2.8824723307E+00
+526.7000E-06,-3.0552763492E+00,-2.8824723307E+00
+527.0500E-06,-3.0552763492E+00,-2.8824723307E+00
+527.4000E-06,-3.0552763492E+00,-2.8824723307E+00
+527.7500E-06,-3.0552763492E+00,-2.8481339726E+00
+528.1000E-06,-3.0552763492E+00,-2.8824723307E+00
+528.4500E-06,-3.0552763492E+00,-2.8824723307E+00
+528.8000E-06,-3.0552763492E+00,-2.8824723307E+00
+529.1500E-06,-3.0552763492E+00,-2.8824723307E+00
+529.5000E-06,-3.0552763492E+00,-2.8824723307E+00
+529.8500E-06,-3.0552763492E+00,-2.8824723307E+00
+530.2000E-06,-3.0552763492E+00,-2.8824723307E+00
+530.5500E-06,-3.0360133679E+00,-2.8824723307E+00
+530.9000E-06,-3.0552763492E+00,-2.8824723307E+00
+531.2500E-06,-3.0552763492E+00,-2.8824723307E+00
+531.6000E-06,-3.0544388282E+00,-2.8824723307E+00
+531.9500E-06,-3.0494137027E+00,-2.8824723307E+00
+532.3000E-06,-3.0552763492E+00,-2.8824723307E+00
+532.6500E-06,-3.0360133679E+00,-2.8824723307E+00
+533.0000E-06,-3.0552763492E+00,-2.8824723307E+00
+533.3500E-06,-3.0552763492E+00,-2.8824723307E+00
+533.7000E-06,-3.0552763492E+00,-2.8824723307E+00
+534.0500E-06,-3.0552763492E+00,-2.8824723307E+00
+534.4000E-06,-3.0552763492E+00,-2.8824723307E+00
+534.7500E-06,-3.0552763492E+00,-2.9017353120E+00
+535.1000E-06,-3.0552763492E+00,-2.8824723307E+00
+535.4500E-06,-3.0552763492E+00,-2.8824723307E+00
+535.8000E-06,-3.0552763492E+00,-2.8824723307E+00
+536.1500E-06,-3.0552763492E+00,-2.8824723307E+00
+536.5000E-06,-3.0276381585E+00,-2.8824723307E+00
+536.8500E-06,-3.0552763492E+00,-2.8632093494E+00
+537.2000E-06,-3.0552763492E+00,-2.8824723307E+00
+537.5500E-06,-3.0552763492E+00,-2.8824723307E+00
+537.9000E-06,-3.0544388282E+00,-2.8824723307E+00
+538.2500E-06,-3.0552763492E+00,-2.8824723307E+00
+538.6000E-06,-3.0552763492E+00,-2.8824723307E+00
+538.9500E-06,-3.0552763492E+00,-2.8824723307E+00
+539.3000E-06,-3.0552763492E+00,-2.8824723307E+00
+539.6500E-06,-3.0552763492E+00,-2.8824723307E+00
+540.0000E-06,-3.0552763492E+00,-2.8824723307E+00
+540.3500E-06,-3.0552763492E+00,-2.9168106888E+00
+540.7000E-06,-3.0552763492E+00,-2.8824723307E+00
+541.0500E-06,-3.0552763492E+00,-2.8824723307E+00
+541.4000E-06,-3.0552763492E+00,-2.9084354795E+00
+541.7500E-06,-3.0552763492E+00,-2.8824723307E+00
+542.1000E-06,-3.0552763492E+00,-2.8824723307E+00
+542.4500E-06,-3.0552763492E+00,-2.8824723307E+00
+542.8000E-06,-3.0552763492E+00,-2.8824723307E+00
+543.1500E-06,-3.0552763492E+00,-2.8824723307E+00
+543.5000E-06,-3.0150753446E+00,-2.8941976236E+00
+543.8500E-06,-3.0552763492E+00,-2.8900100191E+00
+544.2000E-06,-3.0552763492E+00,-2.8833098517E+00
+544.5500E-06,-3.0552763492E+00,-2.8824723307E+00
+544.9000E-06,-3.0552763492E+00,-2.8824723307E+00
+545.2500E-06,-3.0552763492E+00,-2.9034103540E+00
+545.6000E-06,-3.0552763492E+00,-2.9226733353E+00
+545.9500E-06,-3.0552763492E+00,-2.8824723307E+00
+546.3000E-06,-3.0552763492E+00,-2.8824723307E+00
+546.6500E-06,-3.0552763492E+00,-2.9168106888E+00
+547.0000E-06,-3.0552763492E+00,-2.9101105214E+00
+547.3500E-06,-3.0552763492E+00,-2.8824723307E+00
+547.7000E-06,-3.0552763492E+00,-2.8967101865E+00
+548.0500E-06,-3.0552763492E+00,-2.9226733353E+00
+548.4000E-06,-3.0552763492E+00,-2.8833098517E+00
+548.7500E-06,-3.0552763492E+00,-2.9168106888E+00
+549.1000E-06,-3.0552763492E+00,-2.8824723307E+00
+549.4500E-06,-3.0552763492E+00,-2.9226733353E+00
+549.8000E-06,-3.0552763492E+00,-2.8967101865E+00
+550.1500E-06,-3.0552763492E+00,-2.8824723307E+00
+550.5000E-06,-3.0552763492E+00,-2.8824723307E+00
+550.8500E-06,-3.0552763492E+00,-2.8883349772E+00
+551.2000E-06,-3.0552763492E+00,-2.9226733353E+00
+551.5500E-06,-3.0552763492E+00,-2.9226733353E+00
+551.9000E-06,-3.0552763492E+00,-2.8967101865E+00
+552.2500E-06,-3.0552763492E+00,-2.8824723307E+00
+552.6000E-06,-3.0552763492E+00,-2.9218358143E+00
+552.9500E-06,-3.0552763492E+00,-2.8824723307E+00
+553.3000E-06,-3.0552763492E+00,-2.9101105214E+00
+553.6500E-06,-3.0552763492E+00,-2.9017353120E+00
+554.0000E-06,-3.0552763492E+00,-2.8824723307E+00
+554.3500E-06,-3.0477386608E+00,-2.8900100191E+00
+554.7000E-06,-3.0552763492E+00,-2.9218358143E+00
+555.0500E-06,-3.0552763492E+00,-2.9168106888E+00
+555.4000E-06,-3.0552763492E+00,-2.9226733353E+00
+555.7500E-06,-3.0552763492E+00,-2.9034103540E+00
+556.1000E-06,-3.0552763492E+00,-2.8967101865E+00
+556.4500E-06,-3.0552763492E+00,-2.8824723307E+00
+556.8000E-06,-3.0552763492E+00,-2.8824723307E+00
+557.1500E-06,-3.0552763492E+00,-2.9226733353E+00
+557.5000E-06,-3.0276381585E+00,-2.8950351446E+00
+557.8500E-06,-3.0552763492E+00,-2.8824723307E+00
+558.2000E-06,-3.0552763492E+00,-2.8967101865E+00
+558.5500E-06,-3.0552763492E+00,-2.8900100191E+00
+558.9000E-06,-3.0552763492E+00,-2.9218358143E+00
+559.2500E-06,-3.0552763492E+00,-2.9285359818E+00
+559.6000E-06,-3.0552763492E+00,-2.9226733353E+00
+559.9500E-06,-3.0552763492E+00,-2.9226733353E+00
+560.3000E-06,-3.0552763492E+00,-2.9226733353E+00
+560.6500E-06,-3.0552763492E+00,-2.9226733353E+00
+561.0000E-06,-3.0552763492E+00,-2.9226733353E+00
+561.3500E-06,-3.0552763492E+00,-2.9226733353E+00
+561.7000E-06,-3.0552763492E+00,-2.9226733353E+00
+562.0500E-06,-3.0552763492E+00,-2.9226733353E+00
+562.4000E-06,-3.0552763492E+00,-2.9226733353E+00
+562.7500E-06,-3.0552763492E+00,-2.9226733353E+00
+563.1000E-06,-3.0552763492E+00,-2.9226733353E+00
+563.4500E-06,-3.0552763492E+00,-2.9168106888E+00
+563.8000E-06,-3.0552763492E+00,-2.9226733353E+00
+564.1500E-06,-3.0552763492E+00,-2.9226733353E+00
+564.5000E-06,-3.0552763492E+00,-2.8967101865E+00
+564.8500E-06,-3.0552763492E+00,-2.9226733353E+00
+565.2000E-06,-3.0552763492E+00,-2.8833098517E+00
+565.5500E-06,-3.0552763492E+00,-2.8824723307E+00
+565.9000E-06,-3.0552763492E+00,-2.9226733353E+00
+566.2500E-06,-3.0552763492E+00,-2.9017353120E+00
+566.6000E-06,-3.0552763492E+00,-2.8967101865E+00
+566.9500E-06,-3.0552763492E+00,-2.9226733353E+00
+567.3000E-06,-3.0552763492E+00,-2.9226733353E+00
+567.6500E-06,-3.0552763492E+00,-2.9226733353E+00
+568.0000E-06,-3.0150753446E+00,-2.9226733353E+00
+568.3500E-06,-3.0552763492E+00,-2.9226733353E+00
+568.7000E-06,-3.0552763492E+00,-2.9226733353E+00
+569.0500E-06,-3.0552763492E+00,-2.8900100191E+00
+569.4000E-06,-3.0552763492E+00,-2.9226733353E+00
+569.7500E-06,-3.0552763492E+00,-2.9226733353E+00
+570.1000E-06,-3.0552763492E+00,-2.9226733353E+00
+570.4500E-06,-3.0552763492E+00,-2.9419363166E+00
+570.8000E-06,-3.0552763492E+00,-2.9226733353E+00
+571.1500E-06,-3.0477386608E+00,-2.9226733353E+00
+571.5000E-06,-3.0159128656E+00,-2.9226733353E+00
+571.8500E-06,-3.0552763492E+00,-2.9226733353E+00
+572.2000E-06,-3.0552763492E+00,-2.9226733353E+00
+572.5500E-06,-3.0552763492E+00,-2.9226733353E+00
+572.9000E-06,-3.0552763492E+00,-2.9084354795E+00
+573.2500E-06,-3.0552763492E+00,-2.9226733353E+00
+573.6000E-06,-3.0552763492E+00,-2.9226733353E+00
+573.9500E-06,-3.0552763492E+00,-2.9226733353E+00
+574.3000E-06,-3.0552763492E+00,-2.9226733353E+00
+574.6500E-06,-3.0552763492E+00,-2.9436113586E+00
+575.0000E-06,-3.0552763492E+00,-2.9226733353E+00
+575.3500E-06,-3.0552763492E+00,-2.9226733353E+00
+575.7000E-06,-3.0552763492E+00,-2.9226733353E+00
+576.0500E-06,-3.0552763492E+00,-2.9226733353E+00
+576.4000E-06,-3.0552763492E+00,-2.9226733353E+00
+576.7500E-06,-3.0552763492E+00,-2.9226733353E+00
+577.1000E-06,-3.0293132004E+00,-2.9226733353E+00
+577.4500E-06,-3.0552763492E+00,-2.9226733353E+00
+577.8000E-06,-3.0552763492E+00,-2.9226733353E+00
+578.1500E-06,-3.0552763492E+00,-2.9226733353E+00
+578.5000E-06,-3.0552763492E+00,-2.9226733353E+00
+578.8500E-06,-3.0552763492E+00,-2.9226733353E+00
+579.2000E-06,-3.0410384933E+00,-2.9226733353E+00
+579.5500E-06,-3.0552763492E+00,-2.9151356469E+00
+579.9000E-06,-3.0552763492E+00,-2.9218358143E+00
+580.2500E-06,-3.0552763492E+00,-2.9226733353E+00
+580.6000E-06,-3.0552763492E+00,-2.8950351446E+00
+580.9500E-06,-3.0552763492E+00,-2.9226733353E+00
+581.3000E-06,-3.0552763492E+00,-2.9226733353E+00
+581.6500E-06,-3.0226130330E+00,-2.9226733353E+00
+582.0000E-06,-3.0552763492E+00,-2.9226733353E+00
+582.3500E-06,-3.0552763492E+00,-2.9226733353E+00
+582.7000E-06,-3.0552763492E+00,-2.9226733353E+00
+583.0500E-06,-3.0552763492E+00,-2.9226733353E+00
+583.4000E-06,-3.0552763492E+00,-2.9226733353E+00
+583.7500E-06,-3.0552763492E+00,-2.9226733353E+00
+584.1000E-06,-3.0552763492E+00,-2.9620368189E+00
+584.4500E-06,-3.0552763492E+00,-2.9226733353E+00
+584.8000E-06,-3.0552763492E+00,-2.9226733353E+00
+585.1500E-06,-3.0552763492E+00,-2.9226733353E+00
+585.5000E-06,-3.0552763492E+00,-2.9226733353E+00
+585.8500E-06,-3.0552763492E+00,-2.9226733353E+00
+586.2000E-06,-3.0552763492E+00,-2.9226733353E+00
+586.5500E-06,-3.0552763492E+00,-2.8883349772E+00
+586.9000E-06,-3.0427135353E+00,-2.9226733353E+00
+587.2500E-06,-3.0552763492E+00,-2.9226733353E+00
+587.6000E-06,-3.0552763492E+00,-2.9369111911E+00
+587.9500E-06,-3.0552763492E+00,-2.9226733353E+00
+588.3000E-06,-3.0552763492E+00,-2.9226733353E+00
+588.6500E-06,-3.0552763492E+00,-2.9226733353E+00
+589.0000E-06,-3.0552763492E+00,-2.9226733353E+00
+589.3500E-06,-3.0552763492E+00,-2.9226733353E+00
+589.7000E-06,-3.0552763492E+00,-2.9486364840E+00
+590.0500E-06,-3.0552763492E+00,-2.9226733353E+00
+590.4000E-06,-3.0544388282E+00,-2.9226733353E+00
+590.7500E-06,-3.0552763492E+00,-2.9226733353E+00
+591.1000E-06,-3.0552763492E+00,-2.9503115260E+00
+591.4500E-06,-3.0745393305E+00,-2.9226733353E+00
+591.8000E-06,-3.0552763492E+00,-2.9226733353E+00
+592.1500E-06,-3.0552763492E+00,-2.9226733353E+00
+592.5000E-06,-3.0552763492E+00,-2.9226733353E+00
+592.8500E-06,-3.0552763492E+00,-2.9226733353E+00
+593.2000E-06,-3.0552763492E+00,-2.9226733353E+00
+593.5500E-06,-3.0552763492E+00,-2.9226733353E+00
+593.9000E-06,-3.0552763492E+00,-2.9226733353E+00
+594.2500E-06,-3.0552763492E+00,-2.9226733353E+00
+594.6000E-06,-3.0552763492E+00,-2.9218358143E+00
+594.9500E-06,-3.0552763492E+00,-2.9226733353E+00
+595.3000E-06,-3.0552763492E+00,-2.9226733353E+00
+595.6500E-06,-3.0552763492E+00,-2.9226733353E+00
+596.0000E-06,-3.0552763492E+00,-2.9226733353E+00
+596.3500E-06,-3.0477386608E+00,-2.9302110237E+00
+596.7000E-06,-3.0544388282E+00,-2.9226733353E+00
+597.0500E-06,-3.0552763492E+00,-2.9226733353E+00
+597.4000E-06,-3.0276381585E+00,-2.9503115260E+00
+597.7500E-06,-3.0552763492E+00,-2.9226733353E+00
+598.1000E-06,-3.0552763492E+00,-2.9226733353E+00
+598.4500E-06,-3.0879396654E+00,-2.9226733353E+00
+598.8000E-06,-3.0552763492E+00,-2.9226733353E+00
+599.1500E-06,-3.0552763492E+00,-2.9226733353E+00
+599.5000E-06,-3.0276381585E+00,-2.9226733353E+00
+599.8500E-06,-3.0552763492E+00,-2.9226733353E+00
+600.2000E-06,-3.0552763492E+00,-2.9226733353E+00
+600.5500E-06,-3.0226130330E+00,-2.9628743399E+00
+600.9000E-06,-3.0552763492E+00,-2.9620368189E+00
+601.2500E-06,-3.0552763492E+00,-2.9226733353E+00
+601.6000E-06,-3.0552763492E+00,-2.9352361492E+00
+601.9500E-06,-3.0552763492E+00,-2.9419363166E+00
+602.3000E-06,-3.0552763492E+00,-2.9226733353E+00
+602.6500E-06,-3.0552763492E+00,-2.9302110237E+00
+603.0000E-06,-3.0159128656E+00,-2.9226733353E+00
+603.3500E-06,-3.0552763492E+00,-2.9226733353E+00
+603.7000E-06,-3.0552763492E+00,-2.9503115260E+00
+604.0500E-06,-3.0360133679E+00,-2.9226733353E+00
+604.4000E-06,-3.0695142050E+00,-2.9226733353E+00
+604.7500E-06,-3.0226130330E+00,-2.9302110237E+00
+605.1000E-06,-3.0552763492E+00,-2.9235108563E+00
+605.4500E-06,-3.0552763492E+00,-2.9226733353E+00
+605.8000E-06,-3.0552763492E+00,-2.9226733353E+00
+606.1500E-06,-3.0552763492E+00,-2.9419363166E+00
+606.5000E-06,-3.0552763492E+00,-2.9226733353E+00
+606.8500E-06,-3.0552763492E+00,-2.9302110237E+00
+607.2000E-06,-3.0552763492E+00,-2.9235108563E+00
+607.5500E-06,-3.0552763492E+00,-2.9570116934E+00
+607.9000E-06,-3.0552763492E+00,-2.9503115260E+00
+608.2500E-06,-3.0360133679E+00,-2.9226733353E+00
+608.6000E-06,-3.0552763492E+00,-2.9369111912E+00
+608.9500E-06,-3.0226130330E+00,-2.9628743399E+00
+609.3000E-06,-3.0552763492E+00,-2.9620368189E+00
+609.6500E-06,-3.0552763492E+00,-2.9226733353E+00
+610.0000E-06,-3.0276381585E+00,-2.9503115260E+00
+610.3500E-06,-3.0552763492E+00,-2.9419363166E+00
+610.7000E-06,-3.0552763492E+00,-2.9486364840E+00
+611.0500E-06,-3.0552763492E+00,-2.9226733353E+00
+611.4000E-06,-3.0552763492E+00,-2.9620368189E+00
+611.7500E-06,-3.0552763492E+00,-2.9226733353E+00
+612.1000E-06,-3.0552763492E+00,-2.9226733353E+00
+612.4500E-06,-3.0552763492E+00,-2.9226733353E+00
+612.8000E-06,-3.0552763492E+00,-2.9628743399E+00
+613.1500E-06,-3.0552763492E+00,-2.9628743399E+00
+613.5000E-06,-3.0552763492E+00,-2.9628743399E+00
+613.8500E-06,-3.0209379910E+00,-2.9285359817E+00
+614.2000E-06,-3.0552763492E+00,-2.9503115260E+00
+614.5500E-06,-3.0552763492E+00,-2.9436113586E+00
+614.9000E-06,-3.0552763492E+00,-2.9369111912E+00
+615.2500E-06,-3.0552763492E+00,-2.9226733353E+00
+615.6000E-06,-3.0552763492E+00,-2.9226733353E+00
+615.9500E-06,-3.0552763492E+00,-2.9570116934E+00
+616.3000E-06,-3.0276381585E+00,-2.9628743399E+00
+616.6500E-06,-3.0552763492E+00,-2.9226733353E+00
+617.0000E-06,-3.0410384933E+00,-2.9486364840E+00
+617.3500E-06,-3.0552763492E+00,-2.9226733353E+00
+617.7000E-06,-3.0159128656E+00,-2.9620368189E+00
+618.0500E-06,-3.0552763492E+00,-2.9226733353E+00
+618.4000E-06,-3.0552763492E+00,-2.9503115260E+00
+618.7500E-06,-3.0552763492E+00,-2.9226733353E+00
+619.1000E-06,-3.0293132004E+00,-2.9628743399E+00
+619.4500E-06,-3.0552763492E+00,-2.9226733353E+00
+619.8000E-06,-3.0552763492E+00,-2.9235108563E+00
+620.1500E-06,-3.0552763492E+00,-2.9570116934E+00
+620.5000E-06,-3.0552763492E+00,-2.9226733353E+00
+620.8500E-06,-3.0552763492E+00,-2.9628743399E+00
+621.2000E-06,-3.0552763492E+00,-2.9628743399E+00
+621.5500E-06,-3.0552763492E+00,-2.9553366515E+00
+621.9000E-06,-3.0552763492E+00,-2.9628743399E+00
+622.2500E-06,-3.0552763492E+00,-2.9570116934E+00
+622.6000E-06,-3.0552763492E+00,-2.9628743399E+00
+622.9500E-06,-3.0552763492E+00,-2.9628743399E+00
+623.3000E-06,-3.0410384933E+00,-2.9226733353E+00
+623.6500E-06,-3.0552763492E+00,-2.9628743399E+00
+624.0000E-06,-3.0552763492E+00,-2.9226733353E+00
+624.3500E-06,-3.0209379910E+00,-2.9570116935E+00
+624.7000E-06,-3.0552763492E+00,-2.9628743399E+00
+625.0500E-06,-3.0552763492E+00,-2.9226733353E+00
+625.4000E-06,-3.0552763492E+00,-2.9628743399E+00
+625.7500E-06,-3.0552763492E+00,-2.9628743399E+00
+626.1000E-06,-3.0552763492E+00,-2.9628743399E+00
+626.4500E-06,-3.0552763492E+00,-2.9570116935E+00
+626.8000E-06,-3.0552763492E+00,-2.9503115260E+00
+627.1500E-06,-3.0360133679E+00,-2.9436113586E+00
+627.5000E-06,-3.0552763492E+00,-2.9226733353E+00
+627.8500E-06,-3.0552763492E+00,-2.9226733353E+00
+628.2000E-06,-3.0552763492E+00,-2.9628743399E+00
+628.5500E-06,-3.0552763492E+00,-2.9285359817E+00
+628.9000E-06,-3.0552763492E+00,-2.9628743399E+00
+629.2500E-06,-3.0552763492E+00,-2.9628743399E+00
+629.6000E-06,-3.0552763492E+00,-2.9628743399E+00
+629.9500E-06,-3.0552763492E+00,-2.9553366515E+00
+630.3000E-06,-3.0552763492E+00,-2.9628743399E+00
+630.6500E-06,-3.0552763492E+00,-2.9628743399E+00
+631.0000E-06,-3.0552763492E+00,-2.9226733353E+00
+631.3500E-06,-3.0552763492E+00,-2.9628743399E+00
+631.7000E-06,-3.0552763492E+00,-2.9486364840E+00
+632.0500E-06,-3.0552763492E+00,-2.9628743399E+00
+632.4000E-06,-3.0544388282E+00,-2.9620368189E+00
+632.7500E-06,-3.0552763492E+00,-2.9628743399E+00
+633.1000E-06,-3.0276381585E+00,-2.9226733353E+00
+633.4500E-06,-3.0552763492E+00,-2.9628743399E+00
+633.8000E-06,-3.0552763492E+00,-2.9369111912E+00
+634.1500E-06,-3.0552763492E+00,-2.9302110237E+00
+634.5000E-06,-3.0552763492E+00,-2.9628743399E+00
+634.8500E-06,-3.0552763492E+00,-2.9628743399E+00
+635.2000E-06,-3.0552763492E+00,-2.9628743399E+00
+635.5500E-06,-3.0552763492E+00,-2.9628743399E+00
+635.9000E-06,-3.0552763492E+00,-2.9486364840E+00
+636.2500E-06,-3.0552763492E+00,-2.9628743399E+00
+636.6000E-06,-3.0552763492E+00,-2.9226733353E+00
+636.9500E-06,-3.0494137027E+00,-2.9570116935E+00
+637.3000E-06,-3.0552763492E+00,-2.9628743399E+00
+637.6500E-06,-3.0552763492E+00,-2.9226733353E+00
+638.0000E-06,-3.0552763492E+00,-2.9628743399E+00
+638.3500E-06,-3.0552763492E+00,-2.9553366515E+00
+638.7000E-06,-3.0552763492E+00,-2.9628743399E+00
+639.0500E-06,-3.0552763492E+00,-2.9570116935E+00
+639.4000E-06,-3.0427135353E+00,-2.9503115260E+00
+639.7500E-06,-3.0360133679E+00,-2.9838123632E+00
+640.1000E-06,-3.0552763492E+00,-2.9628743399E+00
+640.4500E-06,-3.0552763492E+00,-2.9628743399E+00
+640.8000E-06,-3.0552763492E+00,-2.9628743399E+00
+641.1500E-06,-3.0552763492E+00,-2.9628743399E+00
+641.5000E-06,-3.0552763492E+00,-2.9628743399E+00
+641.8500E-06,-3.0552763492E+00,-2.9419363166E+00
+642.2000E-06,-3.0552763492E+00,-2.9628743399E+00
+642.5500E-06,-3.0552763492E+00,-2.9628743399E+00
+642.9000E-06,-3.0552763492E+00,-2.9628743399E+00
+643.2500E-06,-3.0552763492E+00,-2.9628743399E+00
+643.6000E-06,-3.0552763492E+00,-2.9628743399E+00
+643.9500E-06,-3.0552763492E+00,-2.9628743399E+00
+644.3000E-06,-3.0552763492E+00,-2.9486364840E+00
+644.6500E-06,-3.0552763492E+00,-2.9553366515E+00
+645.0000E-06,-3.0552763492E+00,-2.9620368189E+00
+645.3500E-06,-3.0552763492E+00,-2.9628743399E+00
+645.7000E-06,-3.0552763492E+00,-2.9503115260E+00
+646.0500E-06,-3.0552763492E+00,-2.9419363166E+00
+646.4000E-06,-3.0293132005E+00,-2.9486364840E+00
+646.7500E-06,-3.0552763492E+00,-2.9302110237E+00
+647.1000E-06,-3.0552763492E+00,-2.9628743399E+00
+647.4500E-06,-3.0209379910E+00,-2.9628743399E+00
+647.8000E-06,-3.0552763492E+00,-2.9628743399E+00
+648.1500E-06,-3.0552763492E+00,-2.9628743399E+00
+648.5000E-06,-3.0552763492E+00,-2.9628743399E+00
+648.8500E-06,-3.0226130330E+00,-2.9628743399E+00
+649.2000E-06,-3.0552763492E+00,-2.9620368189E+00
+649.5500E-06,-3.0552763492E+00,-2.9628743399E+00
+649.9000E-06,-3.0552763492E+00,-2.9628743399E+00
+650.2500E-06,-3.0552763492E+00,-2.9628743399E+00
+650.6000E-06,-3.0552763492E+00,-2.9486364840E+00
+650.9500E-06,-3.0552763492E+00,-2.9628743399E+00
+651.3000E-06,-3.0552763492E+00,-2.9628743399E+00
+651.6500E-06,-3.0552763492E+00,-2.9628743399E+00
+652.0000E-06,-3.0552763492E+00,-2.9628743399E+00
+652.3500E-06,-3.0552763492E+00,-2.9628743399E+00
+652.7000E-06,-3.0552763492E+00,-2.9628743399E+00
+653.0500E-06,-3.0552763492E+00,-2.9302110237E+00
+653.4000E-06,-3.0552763492E+00,-2.9628743399E+00
+653.7500E-06,-3.0552763492E+00,-2.9285359817E+00
+654.1000E-06,-3.0552763492E+00,-2.9628743399E+00
+654.4500E-06,-3.0552763492E+00,-2.9419363166E+00
+654.8000E-06,-3.0552763492E+00,-2.9486364840E+00
+655.1500E-06,-3.0552763492E+00,-2.9628743399E+00
+655.5000E-06,-3.0552763492E+00,-2.9628743399E+00
+655.8500E-06,-3.0552763492E+00,-2.9628743399E+00
+656.2000E-06,-3.0552763492E+00,-2.9628743399E+00
+656.5500E-06,-3.0745393305E+00,-2.9628743399E+00
+656.9000E-06,-3.0552763492E+00,-2.9628743399E+00
+657.2500E-06,-3.0552763492E+00,-2.9628743399E+00
+657.6000E-06,-3.0552763492E+00,-2.9628743399E+00
+657.9500E-06,-3.0552763492E+00,-2.9628743399E+00
+658.3000E-06,-3.0552763492E+00,-2.9628743399E+00
+658.6500E-06,-3.0552763492E+00,-2.9628743399E+00
+659.0000E-06,-3.0552763492E+00,-2.9628743399E+00
+659.3500E-06,-3.0552763492E+00,-2.9628743399E+00
+659.7000E-06,-3.0159128656E+00,-2.9628743399E+00
+660.0500E-06,-3.0552763492E+00,-2.9628743399E+00
+660.4000E-06,-3.0552763492E+00,-2.9628743399E+00
+660.7500E-06,-3.0552763492E+00,-2.9628743399E+00
+661.1000E-06,-3.0552763492E+00,-2.9628743399E+00
+661.4500E-06,-3.0552763492E+00,-2.9628743399E+00
+661.8000E-06,-3.0552763492E+00,-2.9628743399E+00
+662.1500E-06,-3.0552763492E+00,-2.9628743399E+00
+662.5000E-06,-3.0552763492E+00,-2.9628743399E+00
+662.8500E-06,-3.0360133679E+00,-2.9628743399E+00
+663.2000E-06,-3.0552763492E+00,-2.9628743399E+00
+663.5500E-06,-3.0552763492E+00,-2.9553366515E+00
+663.9000E-06,-3.0552763492E+00,-2.9628743399E+00
+664.2500E-06,-3.0552763492E+00,-2.9628743399E+00
+664.6000E-06,-3.0552763492E+00,-2.9628743399E+00
+664.9500E-06,-3.0360133679E+00,-2.9628743399E+00
+665.3000E-06,-3.0552763492E+00,-2.9628743399E+00
+665.6500E-06,-3.0552763492E+00,-2.9628743399E+00
+666.0000E-06,-3.0552763492E+00,-2.9628743399E+00
+666.3500E-06,-3.0552763492E+00,-2.9628743399E+00
+666.7000E-06,-3.0552763492E+00,-2.9503115260E+00
+667.0500E-06,-3.0552763492E+00,-2.9436113586E+00
+667.4000E-06,-3.0552763492E+00,-2.9369111912E+00
+667.7500E-06,-3.0552763492E+00,-2.9628743399E+00
+668.1000E-06,-3.0159128656E+00,-2.9628743399E+00
+668.4500E-06,-3.0552763492E+00,-2.9628743399E+00
+668.8000E-06,-3.0552763492E+00,-2.9628743399E+00
+669.1500E-06,-3.0552763492E+00,-2.9628743399E+00
+669.5000E-06,-3.0552763492E+00,-2.9628743399E+00
+669.8500E-06,-3.0552763492E+00,-2.9628743399E+00
+670.2000E-06,-3.0544388282E+00,-2.9628743399E+00
+670.5500E-06,-3.0552763492E+00,-2.9628743399E+00
+670.9000E-06,-3.0552763492E+00,-2.9628743399E+00
+671.2500E-06,-3.0552763492E+00,-2.9628743399E+00
+671.6000E-06,-3.0552763492E+00,-2.9628743399E+00
+671.9500E-06,-3.0552763492E+00,-2.9628743399E+00
+672.3000E-06,-3.0159128656E+00,-2.9628743399E+00
+672.6500E-06,-3.0552763492E+00,-2.9972126981E+00
+673.0000E-06,-3.0552763492E+00,-2.9628743399E+00
+673.3500E-06,-3.0552763492E+00,-2.9628743399E+00
+673.7000E-06,-3.0552763492E+00,-2.9628743399E+00
+674.0500E-06,-3.0477386608E+00,-2.9628743399E+00
+674.4000E-06,-3.0552763492E+00,-2.9628743399E+00
+674.7500E-06,-3.0494137028E+00,-2.9628743399E+00
+675.1000E-06,-3.0552763492E+00,-3.0030753445E+00
+675.4500E-06,-3.0552763492E+00,-2.9628743399E+00
+675.8000E-06,-3.0552763492E+00,-2.9628743399E+00
+676.1500E-06,-3.0226130330E+00,-2.9628743399E+00
+676.5000E-06,-3.0552763492E+00,-2.9620368189E+00
+676.8500E-06,-3.0552763492E+00,-2.9687369863E+00
+677.2000E-06,-3.0552763492E+00,-2.9754371538E+00
+677.5500E-06,-3.0552763492E+00,-2.9628743399E+00
+677.9000E-06,-3.0552763492E+00,-2.9628743399E+00
+678.2500E-06,-3.0552763492E+00,-2.9628743399E+00
+678.6000E-06,-3.0552763492E+00,-2.9628743399E+00
+678.9500E-06,-3.0552763492E+00,-2.9628743399E+00
+679.3000E-06,-3.0552763492E+00,-2.9628743399E+00
+679.6500E-06,-3.0552763492E+00,-2.9436113586E+00
+680.0000E-06,-3.0552763492E+00,-2.9628743399E+00
+680.3500E-06,-3.0552763492E+00,-2.9628743399E+00
+680.7000E-06,-3.0552763492E+00,-2.9628743399E+00
+681.0500E-06,-3.0552763492E+00,-2.9628743399E+00
+681.4000E-06,-3.0552763492E+00,-2.9628743399E+00
+681.7500E-06,-3.0552763492E+00,-2.9628743399E+00
+682.1000E-06,-3.0552763492E+00,-2.9628743399E+00
+682.4500E-06,-3.0552763492E+00,-2.9628743399E+00
+682.8000E-06,-3.0159128656E+00,-2.9628743399E+00
+683.1500E-06,-3.0552763492E+00,-2.9628743399E+00
+683.5000E-06,-3.0552763492E+00,-2.9628743399E+00
+683.8500E-06,-3.0552763492E+00,-2.9838123632E+00
+684.2000E-06,-3.0552763492E+00,-2.9628743399E+00
+684.5500E-06,-3.0226130330E+00,-2.9628743399E+00
+684.9000E-06,-3.0552763492E+00,-2.9628743399E+00
+685.2500E-06,-3.0494137028E+00,-2.9628743399E+00
+685.6000E-06,-3.0552763492E+00,-2.9628743399E+00
+685.9500E-06,-3.0552763492E+00,-2.9628743399E+00
+686.3000E-06,-3.0552763492E+00,-2.9628743399E+00
+686.6500E-06,-3.0552763492E+00,-2.9955376561E+00
+687.0000E-06,-3.0544388282E+00,-2.9628743399E+00
+687.3500E-06,-3.0209379910E+00,-2.9628743399E+00
+687.7000E-06,-3.0552763492E+00,-2.9628743399E+00
+688.0500E-06,-3.0552763492E+00,-2.9628743399E+00
+688.4000E-06,-3.0552763492E+00,-2.9628743399E+00
+688.7500E-06,-3.0552763492E+00,-2.9704120283E+00
+689.1000E-06,-3.0552763492E+00,-3.0022378235E+00
+689.4500E-06,-3.0552763492E+00,-2.9687369863E+00
+689.8000E-06,-3.0552763492E+00,-2.9628743399E+00
+690.1500E-06,-3.0552763492E+00,-2.9628743399E+00
+690.5000E-06,-3.0552763492E+00,-2.9888374886E+00
+690.8500E-06,-3.0552763492E+00,-2.9628743399E+00
+691.2000E-06,-3.0552763492E+00,-2.9628743399E+00
+691.5500E-06,-3.0552763492E+00,-2.9628743399E+00
+691.9000E-06,-3.0552763492E+00,-2.9628743399E+00
+692.2500E-06,-3.0552763492E+00,-2.9628743399E+00
+692.6000E-06,-3.0552763492E+00,-2.9628743399E+00
+692.9500E-06,-3.0552763492E+00,-2.9628743399E+00
+693.3000E-06,-3.0552763492E+00,-2.9628743399E+00
+693.6500E-06,-3.0552763492E+00,-2.9628743399E+00
+694.0000E-06,-3.0276381585E+00,-2.9628743399E+00
+694.3500E-06,-3.0552763492E+00,-2.9628743399E+00
+694.7000E-06,-3.0552763492E+00,-2.9628743399E+00
+695.0500E-06,-3.0552763492E+00,-2.9628743399E+00
+695.4000E-06,-3.0552763492E+00,-3.0022378235E+00
+695.7500E-06,-3.0552763492E+00,-2.9628743399E+00
+696.1000E-06,-3.0552763492E+00,-2.9628743399E+00
+696.4500E-06,-3.0552763492E+00,-2.9628743399E+00
+696.8000E-06,-3.0695142051E+00,-2.9888374886E+00
+697.1500E-06,-3.0552763492E+00,-3.0030753445E+00
+697.5000E-06,-3.0552763492E+00,-3.0022378235E+00
+697.8500E-06,-3.0552763492E+00,-2.9628743399E+00
+698.2000E-06,-3.0552763492E+00,-2.9754371538E+00
+698.5500E-06,-3.0552763492E+00,-2.9628743399E+00
+698.9000E-06,-3.0552763492E+00,-2.9628743399E+00
+699.2500E-06,-3.0552763492E+00,-2.9704120283E+00
+699.6000E-06,-3.0552763492E+00,-3.0022378235E+00
+699.9500E-06,-3.0552763492E+00,-2.9687369863E+00
+700.3000E-06,-3.0552763492E+00,-2.9905125306E+00
+700.6500E-06,-3.0552763492E+00,-2.9628743399E+00
+701.0000E-06,-3.0552763492E+00,-2.9771121958E+00
+701.3500E-06,-3.0552763492E+00,-2.9628743399E+00
+701.7000E-06,-3.0552763492E+00,-3.0022378235E+00
+702.0500E-06,-3.0552763492E+00,-2.9628743399E+00
+702.4000E-06,-3.0427135353E+00,-2.9628743399E+00
+702.7500E-06,-3.0552763492E+00,-2.9628743399E+00
+703.1000E-06,-3.0552763492E+00,-2.9628743399E+00
+703.4500E-06,-3.0552763492E+00,-2.9628743399E+00
+703.8000E-06,-3.0159128656E+00,-2.9628743399E+00
+704.1500E-06,-3.0552763492E+00,-2.9628743399E+00
+704.5000E-06,-3.0427135353E+00,-2.9628743399E+00
+704.8500E-06,-3.0552763492E+00,-2.9628743399E+00
+705.2000E-06,-3.0552763492E+00,-2.9628743399E+00
+705.5500E-06,-3.0477386608E+00,-2.9628743399E+00
+705.9000E-06,-3.0552763492E+00,-2.9628743399E+00
+706.2500E-06,-3.0552763492E+00,-2.9972126981E+00
+706.6000E-06,-3.0552763492E+00,-2.9352361492E+00
+706.9500E-06,-3.0552763492E+00,-2.9628743399E+00
+707.3000E-06,-3.0552763492E+00,-2.9888374886E+00
+707.6500E-06,,
